sentence_id,word,dependency,head
1,3,nsubj,is
1,(,punct,three
1,three,appos,3
1,),punct,three
1,is,ROOT,is
1,a,det,number
1,number,attr,is
1,",",punct,number
1,numeral,amod,number
1,and,cc,numeral
1,digit,conj,numeral
1,.,punct,is
2,It,nsubj,is
2,is,ROOT,is
2,the,det,number
2,natural,amod,number
2,number,attr,is
2,following,acl,number
2,2,dobj,following
2,and,cc,is
2,preceding,conj,is
2,4,dobj,preceding
2,",",punct,is
2,and,cc,is
2,is,conj,is
2,the,det,number
2,smallest,amod,number
2,odd,amod,number
2,prime,amod,number
2,number,attr,is
2,and,cc,number
2,the,det,prime
2,only,amod,prime
2,prime,conj,number
2,preceding,acl,prime
2,a,det,number
2,square,amod,number
2,number,dobj,preceding
2,.,punct,is
3,It,nsubj,has
3,has,ROOT,has
3,religious,amod,significance
3,and,cc,religious
3,cultural,conj,religious
3,significance,dobj,has
3,in,prep,has
3,many,amod,societies
3,societies,pobj,in
3,.,punct,has
4,That,nsubj,was
4,was,ROOT,was
4,also,advmod,was
4,the,det,representation
4,original,amod,representation
4,representation,attr,was
4,of,prep,representation
4,3,pobj,of
4,in,prep,3
4,the,det,notation
4,Brahmic,nmod,notation
4,(,punct,notation
4,Indian,amod,notation
4,),punct,notation
4,numerical,compound,notation
4,notation,pobj,in
4,",",punct,was
4,its,poss,forms
4,earliest,amod,forms
4,forms,attr,was
4,aligned,acl,forms
4,vertically,advmod,aligned
4,.,punct,was
5,However,advmod,modified
5,",",punct,modified
5,during,prep,modified
5,the,det,Empire
5,Gupta,compound,Empire
5,Empire,pobj,during
5,",",punct,modified
5,the,det,sign
5,sign,nsubjpass,modified
5,was,auxpass,modified
5,modified,ROOT,modified
5,by,agent,modified
5,the,det,addition
5,addition,pobj,by
5,of,prep,addition
5,a,det,curve
5,curve,pobj,of
5,on,prep,curve
5,each,det,line
5,line,pobj,on
5,.,punct,modified
8,The,det,digits
8,Indian,amod,digits
8,digits,nsubj,spread
8,spread,ROOT,spread
8,to,prep,spread
8,the,det,Caliphate
8,Caliphate,pobj,to
8,in,prep,spread
8,the,det,century
8,9th,amod,century
8,century,pobj,in
8,.,punct,spread
10,In,prep,has
10,most,amod,typefaces
10,modern,amod,typefaces
10,Western,amod,typefaces
10,typefaces,pobj,In
10,",",punct,has
10,the,det,digit
10,digit,nsubj,has
10,3,appos,digit
10,",",punct,digit
10,like,prep,digit
10,the,det,digits
10,other,amod,digits
10,decimal,amod,digits
10,digits,pobj,like
10,",",punct,digit
10,has,ROOT,has
10,the,det,height
10,height,dobj,has
10,of,prep,height
10,a,det,letter
10,capital,compound,letter
10,letter,pobj,of
10,",",punct,has
10,and,cc,has
10,sits,conj,has
10,on,prep,sits
10,the,det,baseline
10,baseline,pobj,on
10,.,punct,has
11,In,prep,has
11,typefaces,pobj,In
11,with,prep,typefaces
11,text,compound,figures
11,figures,pobj,with
11,",",punct,has
11,on,prep,has
11,the,det,hand
11,other,amod,hand
11,hand,pobj,on
11,",",punct,has
11,the,det,glyph
11,glyph,nsubj,has
11,usually,advmod,has
11,has,ROOT,has
11,the,det,height
11,height,dobj,has
11,of,prep,height
11,a,det,letter
11,lowercase,compound,letter
11,letter,pobj,of
11,"""",punct,letter
11,x,appos,letter
11,"""",punct,letter
11,and,cc,height
11,a,det,descender
11,descender,conj,height
11,:,punct,descender
11,"""",punct,has
11,"""",punct,has
11,.,punct,has
12,In,prep,has
12,some,det,typefaces
12,French,amod,typefaces
12,text,compound,figure
12,-,punct,figure
12,figure,compound,typefaces
12,typefaces,pobj,In
12,",",punct,has
12,though,advmod,has
12,",",punct,has
12,it,nsubj,has
12,has,ROOT,has
12,an,det,ascender
12,ascender,dobj,has
12,instead,advmod,of
12,of,cc,ascender
12,a,det,descender
12,descender,pobj,of
12,.,punct,has
14,This,det,form
14,form,nsubj,called
14,",",punct,called
14,sometimes,advmod,called
14,called,ROOT,called
14,a,det,banker
14,banker,poss,3
14,'s,case,banker
14,3,oprd,called
14,",",punct,called
14,can,aux,stop
14,stop,conj,called
14,a,det,forger
14,forger,dobj,stop
14,from,prep,stop
14,turning,pcomp,from
14,the,det,3
14,3,dobj,turning
14,into,prep,turning
14,an,det,8
14,8,pobj,into
14,.,punct,called
15,It,nsubjpass,found
15,is,auxpass,found
15,found,ROOT,found
15,on,prep,found
15,UPC,compound,A
15,-,punct,A
15,A,compound,barcodes
15,barcodes,pobj,on
15,and,cc,barcodes
15,standard,amod,decks
15,52,nummod,card
15,-,punct,card
15,card,compound,decks
15,decks,conj,barcodes
15,.,punct,found
16,This,ROOT,This
16,known,acl,This
16,as,prep,known
16,the,det,rule
16,divisibility,compound,rule
16,rule,pobj,as
16,of,prep,rule
16,3,pobj,of
16,.,punct,This
17,Because,prep,is
17,of,pcomp,Because
17,this,pobj,Because
17,",",punct,is
17,the,det,reverse
17,reverse,nsubj,is
17,of,prep,reverse
17,any,det,number
17,number,pobj,of
17,that,nsubj,is
17,is,relcl,number
17,divisible,acomp,is
17,by,prep,is
17,three,pobj,by
17,(,punct,three
17,or,cc,three
17,indeed,conj,three
17,",",punct,is
17,any,det,permutation
17,permutation,nsubj,is
17,of,prep,permutation
17,its,poss,digits
17,digits,pobj,of
17,),punct,permutation
17,is,ROOT,is
17,also,advmod,is
17,divisible,acomp,is
17,by,prep,divisible
17,three,pobj,by
17,.,punct,is
18,This,det,rule
18,divisibility,compound,rule
18,rule,nsubj,works
18,works,ROOT,works
18,in,prep,works
18,any,det,system
18,positional,amod,system
18,numeral,amod,system
18,system,pobj,in
18,whose,poss,base
18,base,nsubj,divided
18,divided,relcl,system
18,by,prep,divided
18,three,nummod,leaves
18,leaves,pobj,by
18,a,det,remainder
18,remainder,dobj,divided
18,of,prep,remainder
18,one,pobj,of
18,(,punct,bases
18,bases,appos,system
18,4,nummod,bases
18,",",punct,bases
18,7,nummod,bases
18,",",punct,bases
18,10,nummod,bases
18,",",punct,bases
18,etc,conj,bases
18,.,conj,bases
18,),punct,works
18,.,punct,works
19,=,nsubj,is
19,=,compound,Properties
19,=,compound,Properties
19,Properties,nsubj,is
19,=,appos,Properties
19,=,conj,Properties
19,=,conj,Properties
19,3,nummod,=
19,is,ROOT,is
19,the,det,number
19,second,amod,number
19,smallest,amod,number
19,prime,amod,number
19,number,attr,is
19,and,cc,number
19,the,det,number
19,first,amod,number
19,odd,amod,number
19,prime,amod,number
19,number,conj,number
19,.,punct,is
20,It,nsubj,is
20,is,ROOT,is
20,a,det,prime
20,twin,amod,prime
20,prime,attr,is
20,with,prep,prime
20,5,pobj,with
20,",",punct,is
20,and,cc,is
20,a,det,cousin
20,cousin,conj,is
20,prime,amod,cousin
20,with,prep,prime
20,7,pobj,with
20,.,punct,is
21,A,det,triangle
21,triangle,nsubjpass,made
21,is,auxpass,made
21,made,ROOT,made
21,of,prep,made
21,three,nummod,sides
21,sides,pobj,of
21,.,punct,made
22,It,nsubj,is
22,is,ROOT,is
22,the,det,polygon
22,smallest,amod,polygon
22,non,amod,polygon
22,-,amod,polygon
22,self,npadvmod,intersecting
22,-,punct,intersecting
22,intersecting,amod,polygon
22,polygon,attr,is
22,and,cc,polygon
22,the,det,polygon
22,only,amod,polygon
22,polygon,conj,polygon
22,not,neg,have
22,to,aux,have
22,have,xcomp,is
22,proper,amod,diagonals
22,diagonals,dobj,have
22,.,punct,is
23,It,nsubj,is
23,is,ROOT,is
23,also,advmod,is
23,the,det,first
23,first,attr,is
23,of,prep,first
23,five,nummod,Fermat
23,known,amod,Fermat
23,Fermat,compound,primes
23,primes,pobj,of
23,.,punct,is
24,It,nsubj,is
24,is,ROOT,is
24,the,det,prime
24,second,amod,prime
24,Fibonacci,compound,prime
24,prime,attr,is
24,(,punct,prime
24,and,cc,prime
24,the,det,prime
24,second,amod,prime
24,Lucas,compound,prime
24,prime,conj,prime
24,),punct,prime
24,",",punct,is
24,the,det,prime
24,second,amod,prime
24,Sophie,compound,Germain
24,Germain,compound,prime
24,prime,conj,is
24,",",punct,is
24,and,cc,is
24,the,det,prime
24,second,amod,prime
24,factorial,amod,prime
24,prime,conj,is
24,.,punct,is
25,Three,nsubj,is
25,is,ROOT,is
25,the,det,prime
25,only,amod,prime
25,prime,attr,is
25,which,nsubj,is
25,is,relcl,prime
25,one,attr,is
25,less,amod,one
25,than,prep,less
25,a,det,square
25,perfect,amod,square
25,square,pobj,than
25,.,punct,is
26,This,nsubj,is
26,is,ROOT,is
26,true,acomp,is
26,for,prep,is
26,3,pobj,for
26,as,advmod,well
26,well,advmod,3
26,(,punct,with
26,with,conj,3
26,n,pobj,with
26,{,punct,\displaystyle
26,\displaystyle,pobj,with
26,n,conj,with
26,},punct,with
26,=,attr,is
26,2,npadvmod,is
26,),punct,is
26,",",punct,is
26,but,cc,is
26,in,prep,is
26,this,det,case
26,case,pobj,in
26,the,det,factor
26,smaller,amod,factor
26,factor,nsubj,is
26,is,conj,is
26,1,attr,is
26,.,punct,is
27,Early,amod,peoples
27,peoples,nsubj,had
27,had,ROOT,had
27,a,det,word
27,word,dobj,had
27,to,aux,describe
27,describe,acl,word
27,the,det,quantities
27,quantities,dobj,describe
27,of,prep,quantities
27,one,pobj,of
27,",",punct,one
27,two,conj,one
27,",",punct,one
27,and,cc,one
27,three,conj,one
27,",",punct,had
27,but,cc,had
27,any,det,quantity
27,quantity,nsubjpass,denoted
27,beyond,advmod,quantity
27,was,auxpass,denoted
27,simply,advmod,denoted
27,denoted,conj,had
27,as,prep,denoted
27,"""",punct,as
27,Many,pobj,as
27,"""",punct,Many
27,.,punct,denoted
28,=,nsubj,is
28,=,compound,List
28,=,compound,List
28,List,appos,=
28,of,prep,List
28,basic,amod,calculations
28,calculations,pobj,of
28,=,punct,=
28,=,dep,=
28,=,dep,=
28,=,conj,=
28,=,compound,Engineering
28,Engineering,appos,=
28,=,nsubj,=
28,=,conj,=
28,The,det,triangle
28,triangle,nsubj,is
28,",",punct,triangle
28,a,det,polygon
28,polygon,appos,triangle
28,with,prep,polygon
28,three,nummod,edges
28,edges,pobj,with
28,and,cc,edges
28,three,nummod,vertices
28,vertices,conj,edges
28,",",punct,triangle
28,is,ROOT,is
28,the,det,shape
28,most,advmod,stable
28,stable,amod,shape
28,physical,amod,shape
28,shape,attr,is
28,.,punct,is
29,For,prep,utilized
29,this,det,reason
29,reason,pobj,For
29,it,nsubjpass,utilized
29,is,auxpass,utilized
29,widely,advmod,utilized
29,utilized,ROOT,utilized
29,in,prep,utilized
29,construction,pobj,in
29,",",punct,construction
29,engineering,conj,construction
29,and,cc,engineering
29,design,conj,engineering
29,.,punct,utilized
30,=,nsubj,is
30,=,nsubj,is
30,=,dep,is
30,Mystical,compound,Three
30,=,compound,Three
30,=,compound,Three
30,=,compound,Three
30,Three,nsubj,is
30,is,ROOT,is
30,the,det,representation
30,symbolic,amod,representation
30,representation,attr,is
30,for,prep,representation
30,Mu,pobj,for
30,",",punct,Mu
30,Augustus,compound,Plongeon
30,Le,compound,Plongeon
30,Plongeon,conj,Mu
30,'s,case,Plongeon
30,and,cc,Plongeon
30,James,compound,Churchward
30,Churchward,poss,continent
30,'s,case,Churchward
30,lost,amod,continent
30,continent,appos,Mu
30,.,punct,is
31,=,nsubj,=
31,=,punct,=
31,Religion,conj,=
31,and,cc,Religion
31,beliefs,conj,Religion
31,=,compound,religions
31,=,nmod,religions
31,Many,amod,religions
31,world,compound,religions
31,religions,nsubj,contain
31,contain,ROOT,contain
31,triple,amod,deities
31,deities,dobj,contain
31,or,cc,deities
31,concepts,conj,deities
31,of,prep,deities
31,trinity,pobj,of
31,",",punct,contain
31,including,prep,deities
31,the,det,Trimurti
31,Hindu,compound,Trimurti
31,Trimurti,pobj,including
31,and,cc,Trimurti
31,Tridevi,conj,Trimurti
31,",",punct,Trimurti
31,the,det,Triglav
31,Triglav,conj,Trimurti
31,(,punct,lit
31,lit,parataxis,Trimurti
31,.,punct,contain
32,The,det,phrase
32,phrase,nsubj,refers
32,"""",punct,phrase
32,Third,amod,time
32,time,poss,charm
32,'s,case,time
32,the,det,charm
32,charm,appos,phrase
32,"""",punct,phrase
32,refers,ROOT,refers
32,to,prep,refers
32,the,det,superstition
32,superstition,pobj,to
32,that,mark,is
32,after,prep,is
32,two,nummod,failures
32,failures,pobj,after
32,in,prep,failures
32,any,det,endeavor
32,endeavor,pobj,in
32,",",punct,is
32,a,det,attempt
32,third,amod,attempt
32,attempt,nsubj,is
32,is,relcl,superstition
32,more,advmod,likely
32,likely,acomp,is
32,to,aux,succeed
32,succeed,xcomp,likely
32,.,punct,refers
33,However,advmod,say
33,",",punct,say
33,some,det,superstitions
33,superstitions,nsubj,say
33,say,ROOT,say
33,the,det,opposite
33,opposite,dobj,say
33,",",punct,say
33,stating,advcl,say
33,that,mark,said
33,luck,nsubjpass,said
33,",",punct,luck
33,especially,advmod,bad
33,bad,amod,luck
33,luck,appos,luck
33,",",punct,luck
33,is,auxpass,said
33,often,advmod,said
33,said,ccomp,stating
33,to,aux,come
33,"""",punct,come
33,come,xcomp,said
33,in,prep,come
33,threes,pobj,in
33,"""",punct,say
33,.,punct,say
35,Archived,ROOT,Archived
35,from,prep,Archived
35,the,det,original
35,original,pobj,from
35,on,prep,Archived
35,2013,pobj,on
35,-,punct,2013
35,05,prep,2013
35,-,punct,14
35,14,prep,2013
35,.,punct,Archived
36,The,det,Number
36,Number,nmod,Integer
36,3,nummod,Number
36,The,det,Integer
36,Positive,compound,Integer
36,Integer,nmod,curiosities
36,3,nummod,Integer
36,Prime,compound,curiosities
36,curiosities,ROOT,curiosities
36,:,punct,curiosities
36,3,appos,curiosities
37,A,det,river
37,river,nsubj,run
37,may,aux,run
37,run,ROOT,run
37,dry,advmod,run
37,before,prep,run
37,reaching,pcomp,before
37,the,det,end
37,end,dobj,reaching
37,of,prep,end
37,its,poss,course
37,course,pobj,of
37,if,mark,runs
37,it,nsubj,runs
37,runs,advcl,reaching
37,out,prep,runs
37,of,prep,out
37,water,pobj,of
37,",",punct,runs
37,or,cc,runs
37,only,advmod,flow
37,flow,conj,runs
37,during,prep,flow
37,certain,amod,seasons
37,seasons,pobj,during
37,.,punct,run
38,Rivers,nsubjpass,regulated
38,are,auxpass,regulated
38,regulated,ROOT,regulated
38,by,agent,regulated
38,the,det,cycle
38,water,compound,cycle
38,cycle,pobj,by
38,",",punct,cycle
38,the,det,processes
38,processes,appos,cycle
38,by,prep,moves
38,which,pobj,by
38,water,compound,moves
38,moves,relcl,processes
38,around,prep,moves
38,the,det,Earth
38,Earth,pobj,around
38,.,punct,regulated
39,Rivers,nsubj,flow
39,flow,ROOT,flow
39,in,prep,flow
39,channeled,amod,watercourses
39,watercourses,pobj,in
39,and,cc,flow
39,merge,conj,flow
39,in,prep,merge
39,confluences,pobj,in
39,to,aux,form
39,form,advcl,merge
39,drainage,compound,basins
39,basins,dobj,form
39,",",punct,basins
39,areas,appos,basins
39,where,advmod,flows
39,surface,compound,water
39,water,nsubj,flows
39,eventually,advmod,flows
39,flows,relcl,areas
39,to,prep,flows
39,a,det,outlet
39,common,amod,outlet
39,outlet,pobj,to
39,.,punct,flow
40,Rivers,nsubj,have
40,have,ROOT,have
40,a,det,effect
40,great,amod,effect
40,effect,dobj,have
40,on,prep,effect
40,the,det,landscape
40,landscape,pobj,on
40,around,prep,landscape
40,them,pobj,around
40,.,punct,have
41,They,nsubj,overflow
41,may,aux,overflow
41,regularly,advmod,overflow
41,overflow,ROOT,overflow
41,their,poss,banks
41,banks,dobj,overflow
41,and,cc,overflow
41,flood,conj,overflow
41,the,det,area
41,surrounding,amod,area
41,area,dobj,flood
41,",",punct,flood
41,spreading,advcl,flood
41,nutrients,dobj,spreading
41,to,prep,spreading
41,the,det,area
41,surrounding,amod,area
41,area,pobj,to
41,.,punct,overflow
42,Sediment,nsubj,shapes
42,or,cc,Sediment
42,alluvium,conj,Sediment
42,carried,acl,Sediment
42,by,agent,carried
42,rivers,pobj,by
42,shapes,ROOT,shapes
42,the,det,landscape
42,landscape,dobj,shapes
42,around,prep,landscape
42,it,pobj,around
42,",",punct,landscape
42,forming,amod,deltas
42,deltas,conj,landscape
42,and,cc,deltas
42,islands,conj,deltas
42,where,advmod,slows
42,the,det,flow
42,flow,nsubj,slows
42,slows,relcl,deltas
42,down,prt,slows
42,.,punct,shapes
43,Rivers,nsubj,run
43,rarely,advmod,run
43,run,ccomp,bend
43,in,prep,run
43,a,det,line
43,straight,amod,line
43,line,pobj,in
43,",",punct,bend
43,instead,advmod,bend
43,",",punct,bend
43,they,nsubj,bend
43,bend,ccomp,change
43,or,cc,bend
43,meander,conj,bend
43,;,punct,change
43,the,det,locations
43,locations,nsubj,change
43,of,prep,locations
43,a,det,river
43,river,poss,banks
43,'s,case,river
43,banks,pobj,of
43,can,aux,change
43,change,ROOT,change
43,frequently,advmod,change
43,.,punct,change
44,Rivers,nsubj,get
44,get,ROOT,get
44,their,poss,alluvium
44,alluvium,dobj,get
44,from,prep,get
44,erosion,pobj,from
44,",",punct,erosion
44,which,nsubj,carves
44,carves,relcl,erosion
44,rock,dobj,carves
44,into,prep,carves
44,canyons,pobj,into
44,and,cc,canyons
44,valleys,conj,canyons
44,.,punct,get
45,Rivers,nsubj,sustained
45,have,aux,sustained
45,sustained,ROOT,sustained
45,human,amod,life
45,and,cc,human
45,animal,conj,human
45,life,dobj,sustained
45,for,prep,sustained
45,millennia,pobj,for
45,",",punct,sustained
45,including,prep,sustained
45,the,det,civilizations
45,first,amod,civilizations
45,human,amod,civilizations
45,civilizations,pobj,including
45,.,punct,sustained
46,The,det,organisms
46,organisms,nsubj,have
46,that,nsubj,live
46,live,relcl,organisms
46,around,prep,live
46,or,cc,around
46,in,conj,around
46,a,det,river
46,river,pobj,in
46,such,amod,as
46,as,prep,river
46,fish,pobj,as
46,",",punct,fish
46,aquatic,amod,plants
46,plants,conj,fish
46,",",punct,plants
46,and,cc,plants
46,insects,conj,plants
46,have,ROOT,have
46,different,amod,roles
46,roles,dobj,have
46,",",punct,roles
46,including,prep,roles
46,processing,pcomp,including
46,organic,amod,matter
46,matter,dobj,processing
46,and,cc,matter
46,predation,conj,matter
46,.,punct,have
47,Rivers,nsubj,produced
47,have,aux,produced
47,produced,ROOT,produced
47,abundant,amod,resources
47,resources,dobj,produced
47,for,prep,resources
47,humans,pobj,for
47,",",punct,humans
47,including,prep,humans
47,food,pobj,including
47,",",punct,food
47,transportation,conj,food
47,",",punct,transportation
47,drinking,compound,water
47,water,conj,transportation
47,",",punct,water
47,and,cc,water
47,recreation,conj,water
47,.,punct,produced
48,Humans,nsubj,engineered
48,have,aux,engineered
48,engineered,amod,rivers
48,rivers,nsubj,perform
48,to,aux,prevent
48,prevent,acl,rivers
48,flooding,dobj,prevent
48,",",punct,rivers
48,irrigate,compound,crops
48,crops,nsubj,perform
48,",",punct,crops
48,perform,ROOT,perform
48,work,dobj,perform
48,with,prep,perform
48,water,compound,wheels
48,wheels,pobj,with
48,",",punct,perform
48,and,cc,perform
48,produce,conj,perform
48,hydroelectricity,dobj,produce
48,from,prep,produce
48,dams,pobj,from
48,.,punct,perform
49,People,nsubj,associate
49,associate,ROOT,associate
49,rivers,dobj,associate
49,with,prep,rivers
49,life,pobj,with
49,and,cc,life
49,fertility,conj,life
49,and,cc,associate
49,have,conj,associate
49,strong,amod,attachments
49,religious,amod,attachments
49,",",punct,attachments
49,political,amod,attachments
49,",",punct,political
49,social,conj,political
49,",",punct,social
49,and,cc,social
49,mythological,conj,social
49,attachments,dobj,have
49,to,prep,have
49,them,pobj,to
49,.,punct,associate
50,Rivers,nmod,ecosystems
50,and,cc,Rivers
50,river,conj,Rivers
50,ecosystems,nsubjpass,threatened
50,are,auxpass,threatened
50,threatened,ROOT,threatened
50,by,agent,threatened
50,water,compound,pollution
50,pollution,pobj,by
50,",",punct,pollution
50,climate,compound,change
50,change,conj,pollution
50,",",punct,change
50,and,cc,change
50,human,amod,activity
50,activity,conj,change
50,.,punct,threatened
51,Decreased,amod,snowfall
51,snowfall,nsubj,resulted
51,from,prep,snowfall
51,climate,compound,change
51,change,pobj,from
51,has,aux,resulted
51,resulted,ROOT,resulted
51,in,prep,resulted
51,less,amod,water
51,water,pobj,in
51,available,amod,water
51,for,prep,available
51,rivers,pobj,for
51,during,prep,resulted
51,the,det,summer
51,summer,pobj,during
51,.,punct,resulted
52,Regulation,nsubj,helped
52,of,prep,Regulation
52,pollution,pobj,of
52,",",punct,pollution
52,dam,compound,removal
52,removal,conj,pollution
52,",",punct,removal
52,and,cc,removal
52,sewage,compound,treatment
52,treatment,conj,removal
52,have,aux,helped
52,helped,ROOT,helped
52,to,aux,improve
52,improve,xcomp,helped
52,water,compound,quality
52,quality,dobj,improve
52,and,cc,improve
52,restore,conj,improve
52,river,compound,habitats
52,habitats,dobj,restore
52,.,punct,helped
53,This,det,flow
53,flow,nsubj,be
53,can,aux,be
53,be,ROOT,be
53,into,prep,be
53,a,det,lake
53,lake,pobj,into
53,",",punct,lake
53,an,det,ocean
53,ocean,conj,lake
53,",",punct,ocean
53,or,cc,ocean
53,another,det,river
53,river,conj,ocean
53,.,punct,be
54,A,det,stream
54,stream,nsubj,refers
54,refers,ROOT,refers
54,to,prep,refers
54,water,pobj,to
54,that,nsubj,flows
54,flows,relcl,water
54,in,prep,flows
54,a,det,channel
54,natural,amod,channel
54,channel,pobj,in
54,",",punct,refers
54,a,det,feature
54,geographic,amod,feature
54,feature,appos,stream
54,that,nsubj,contain
54,can,aux,contain
54,contain,relcl,feature
54,flowing,amod,water
54,water,dobj,contain
54,.,punct,refers
55,A,det,stream
55,stream,nsubjpass,referred
55,may,aux,referred
55,also,advmod,referred
55,be,auxpass,referred
55,referred,ROOT,referred
55,to,prep,referred
55,as,prep,referred
55,a,det,watercourse
55,watercourse,pobj,as
55,.,punct,referred
56,The,det,study
56,study,nsubjpass,called
56,of,prep,study
56,the,det,movement
56,movement,pobj,of
56,of,prep,movement
56,water,pobj,of
56,as,mark,occurs
56,it,nsubj,occurs
56,occurs,advcl,study
56,on,prep,occurs
56,Earth,pobj,on
56,is,auxpass,called
56,called,ROOT,called
56,hydrology,oprd,called
56,",",punct,called
56,and,cc,called
56,their,poss,effect
56,effect,nsubjpass,covered
56,on,prep,effect
56,the,det,landscape
56,landscape,pobj,on
56,is,auxpass,covered
56,covered,conj,called
56,by,agent,covered
56,geomorphology,pobj,by
56,.,punct,covered
57,=,nsubj,are
57,=,nsubj,are
57,=,nmod,=
57,Source,appos,=
57,and,cc,Source
57,drainage,compound,basin
57,basin,conj,Source
57,=,nmod,Rivers
57,=,compound,Rivers
57,=,compound,Rivers
57,Rivers,nsubj,are
57,are,ROOT,are
57,part,attr,are
57,of,prep,part
57,the,det,cycle
57,water,compound,cycle
57,cycle,pobj,of
57,",",punct,are
57,the,det,processes
57,continuous,amod,processes
57,processes,attr,are
57,by,prep,moves
57,which,pobj,by
57,water,compound,moves
57,moves,relcl,processes
57,about,prep,moves
57,Earth,pobj,about
57,.,punct,are
58,This,nsubj,means
58,means,ROOT,means
58,that,mark,come
58,all,det,water
58,water,nsubj,come
58,that,nsubj,flows
58,flows,relcl,water
58,in,prep,flows
58,rivers,pobj,in
58,must,aux,come
58,ultimately,advmod,come
58,come,ccomp,means
58,from,prep,come
58,precipitation,pobj,from
58,.,punct,means
59,The,det,headwaters
59,headwaters,nsubj,are
59,of,prep,headwaters
59,a,det,river
59,river,pobj,of
59,are,ROOT,are
59,the,det,streams
59,smaller,amod,streams
59,streams,attr,are
59,that,nsubj,feed
59,feed,relcl,streams
59,a,det,river
59,river,dobj,feed
59,",",punct,are
59,and,cc,are
59,make,conj,are
59,up,prt,make
59,the,det,river
59,river,poss,source
59,'s,case,river
59,source,dobj,make
59,.,punct,are
60,These,det,streams
60,streams,nsubj,be
60,may,aux,be
60,be,ROOT,be
60,small,acomp,be
60,and,cc,small
60,flow,conj,small
60,rapidly,advmod,flow
60,down,prep,flow
60,the,det,sides
60,sides,pobj,down
60,of,prep,sides
60,mountains,pobj,of
60,.,punct,be
61,All,nsubj,is
61,of,prep,All
61,the,det,land
61,land,pobj,of
61,uphill,amod,All
61,of,prep,uphill
61,a,det,river
61,river,pobj,of
61,that,nsubj,feeds
61,feeds,relcl,river
61,it,dobj,feeds
61,with,prep,feeds
61,water,pobj,with
61,in,prep,feeds
61,this,det,way
61,way,pobj,in
61,is,ROOT,is
61,in,prep,is
61,that,det,river
61,river,poss,basin
61,'s,case,river
61,drainage,compound,basin
61,basin,pobj,in
61,or,cc,in
61,watershed,conj,in
61,.,punct,is
62,One,nummod,example
62,example,nsubj,is
62,of,prep,example
62,this,pobj,of
62,is,ROOT,is
62,the,det,Divide
62,Continental,compound,Divide
62,Divide,attr,is
62,of,prep,Divide
62,the,det,Americas
62,Americas,pobj,of
62,in,prep,Divide
62,the,det,Mountains
62,Rocky,compound,Mountains
62,Mountains,pobj,in
62,.,punct,is
63,Water,nsubj,flows
63,on,prep,Water
63,the,det,side
63,western,amod,side
63,side,pobj,on
63,of,prep,side
63,the,det,divide
63,divide,pobj,of
63,flows,ROOT,flows
63,into,prep,flows
63,the,det,Ocean
63,Pacific,compound,Ocean
63,Ocean,pobj,into
63,",",punct,flows
63,whereas,mark,flows
63,water,nsubj,flows
63,on,prep,water
63,the,det,side
63,other,amod,side
63,side,pobj,on
63,flows,advcl,flows
63,into,prep,flows
63,the,det,Ocean
63,Atlantic,compound,Ocean
63,Ocean,pobj,into
63,.,punct,flows
64,Not,neg,precipitation
64,all,det,precipitation
64,precipitation,nsubj,flows
64,flows,ccomp,seeps
64,directly,advmod,flows
64,into,prep,flows
64,rivers,pobj,into
64,;,punct,seeps
64,some,det,water
64,water,nsubj,seeps
64,seeps,ROOT,seeps
64,into,prep,seeps
64,underground,amod,aquifers
64,aquifers,pobj,into
64,.,punct,seeps
65,These,nsubj,feed
65,",",punct,feed
65,in,prep,feed
65,turn,pobj,in
65,",",punct,feed
65,can,aux,feed
65,still,advmod,feed
65,feed,ROOT,feed
65,rivers,dobj,feed
65,via,prep,feed
65,the,det,table
65,water,compound,table
65,table,pobj,via
65,",",punct,feed
65,the,det,groundwater
65,groundwater,appos,rivers
65,beneath,prep,groundwater
65,the,det,surface
65,surface,pobj,beneath
65,of,prep,surface
65,the,det,land
65,land,pobj,of
65,stored,acl,land
65,in,prep,stored
65,the,det,soil
65,soil,pobj,in
65,.,punct,feed
66,Water,nsubj,flows
66,flows,ROOT,flows
66,into,prep,flows
66,rivers,pobj,into
66,in,prep,flows
66,places,pobj,in
66,where,advmod,is
66,the,det,river
66,river,poss,elevation
66,'s,case,river
66,elevation,nsubj,is
66,is,relcl,places
66,lower,acomp,is
66,than,prep,lower
66,that,pobj,than
66,of,prep,that
66,the,det,table
66,water,compound,table
66,table,pobj,of
66,.,punct,flows
67,This,det,phenomenon
67,phenomenon,nsubj,is
67,is,ROOT,is
67,why,advmod,flow
67,rivers,nsubj,flow
67,can,aux,flow
67,still,advmod,flow
67,flow,ccomp,is
67,even,advmod,during
67,during,prep,flow
67,times,pobj,during
67,of,prep,times
67,drought,pobj,of
67,.,punct,is
68,Rivers,nsubjpass,fed
68,are,auxpass,fed
68,also,advmod,fed
68,fed,ROOT,fed
68,by,agent,fed
68,the,det,melting
68,melting,pobj,by
68,of,prep,melting
68,snow,compound,glaciers
68,glaciers,pobj,of
68,present,amod,melting
68,in,prep,present
68,higher,amod,regions
68,elevation,compound,regions
68,regions,pobj,in
68,.,punct,fed
69,In,prep,melt
69,summer,compound,months
69,months,pobj,In
69,",",punct,melt
69,higher,amod,temperatures
69,temperatures,nsubj,melt
69,melt,ROOT,melt
69,snow,dobj,melt
69,and,cc,snow
69,ice,conj,snow
69,",",punct,melt
69,causing,advcl,melt
69,additional,amod,water
69,water,nsubj,flow
69,to,aux,flow
69,flow,ccomp,causing
69,into,prep,flow
69,rivers,pobj,into
69,.,punct,melt
70,=,nsubj,flow
70,=,nsubj,flow
70,=,aux,flow
70,Flow,dobj,=
70,=,nsubj,flow
70,=,compound,Rivers
70,=,compound,Rivers
70,Rivers,nsubj,flow
70,flow,ROOT,flow
70,downhill,advmod,flow
70,",",punct,flow
70,with,prep,flow
70,their,poss,direction
70,direction,pobj,with
70,determined,acl,direction
70,by,agent,determined
70,gravity,pobj,by
70,.,punct,flow
71,A,det,misconception
71,common,amod,misconception
71,misconception,nsubj,holds
71,holds,ROOT,holds
71,that,mark,flow
71,all,det,rivers
71,or,cc,all
71,most,conj,all
71,rivers,nsubj,flow
71,flow,ccomp,holds
71,from,prep,flow
71,North,pobj,from
71,to,prep,flow
71,South,pobj,to
71,",",punct,holds
71,but,cc,holds
71,this,nsubj,is
71,is,conj,holds
71,not,neg,is
71,true,acomp,is
71,.,punct,is
72,As,mark,flow
72,rivers,nsubj,flow
72,flow,advcl,merge
72,downstream,advmod,flow
72,",",punct,merge
72,they,nsubj,merge
72,eventually,advmod,merge
72,merge,ROOT,merge
72,to,aux,form
72,form,xcomp,merge
72,larger,amod,rivers
72,rivers,dobj,form
72,.,punct,merge
73,A,det,river
73,river,nsubj,is
73,that,nsubj,feeds
73,feeds,relcl,river
73,into,prep,feeds
73,another,pobj,into
73,is,ROOT,is
73,a,det,tributary
73,tributary,attr,is
73,",",punct,is
73,and,cc,is
73,the,det,place
73,place,nsubj,is
73,they,nsubj,meet
73,meet,relcl,place
73,is,conj,is
73,a,det,confluence
73,confluence,attr,is
73,.,punct,is
74,Rivers,nsubj,flow
74,must,aux,flow
74,flow,ROOT,flow
74,to,prep,flow
74,lower,amod,altitudes
74,altitudes,pobj,to
74,due,prep,flow
74,to,pcomp,due
74,gravity,pobj,to
74,.,punct,flow
75,The,det,bed
75,bed,nsubj,is
75,of,prep,bed
75,a,det,river
75,river,pobj,of
75,is,ROOT,is
75,typically,advmod,is
75,within,prep,is
75,a,det,valley
75,river,compound,valley
75,valley,pobj,within
75,between,prep,valley
75,hills,pobj,between
75,or,cc,hills
75,mountains,conj,hills
75,.,punct,is
76,Rivers,nsubj,erode
76,flowing,acl,Rivers
76,through,prep,flowing
76,an,det,section
76,impermeable,amod,section
76,section,pobj,through
76,of,prep,section
76,land,pobj,of
76,such,amod,as
76,as,prep,section
76,rocks,pobj,as
76,will,aux,erode
76,erode,ROOT,erode
76,the,det,slopes
76,slopes,dobj,erode
76,on,prep,slopes
76,the,det,sides
76,sides,pobj,on
76,of,prep,sides
76,the,det,river
76,river,pobj,of
76,.,punct,erode
77,When,advmod,carves
77,a,det,river
77,river,nsubj,carves
77,carves,advcl,form
77,a,det,plateau
77,plateau,dobj,carves
77,or,cc,plateau
77,a,det,area
77,similar,amod,area
77,high,amod,elevation
77,-,punct,elevation
77,elevation,compound,area
77,area,conj,plateau
77,",",punct,form
77,a,det,canyon
77,canyon,nsubj,form
77,can,aux,form
77,form,ROOT,form
77,",",punct,form
77,with,prep,form
77,cliffs,pobj,with
77,on,prep,cliffs
77,either,det,side
77,side,pobj,on
77,of,prep,side
77,the,det,river
77,river,pobj,of
77,.,punct,form
78,Areas,ROOT,Areas
78,of,prep,Areas
78,a,det,river
78,river,pobj,of
78,with,prep,river
78,softer,amod,weather
78,rock,compound,weather
78,weather,pobj,with
78,faster,advmod,Areas
78,than,prep,faster
78,areas,pobj,than
78,with,prep,areas
78,harder,amod,rock
78,rock,pobj,with
78,",",punct,Areas
78,causing,advcl,Areas
78,a,det,difference
78,difference,dobj,causing
78,in,prep,difference
78,elevation,pobj,in
78,between,prep,elevation
78,two,nummod,points
78,points,pobj,between
78,of,prep,points
78,a,det,river
78,river,pobj,of
78,.,punct,Areas
79,This,nsubj,cause
79,can,aux,cause
79,cause,ROOT,cause
79,the,det,formation
79,formation,dobj,cause
79,of,prep,formation
79,a,det,waterfall
79,waterfall,pobj,of
79,as,mark,falls
79,the,det,river
79,river,poss,flow
79,'s,case,river
79,flow,nsubj,falls
79,falls,advcl,cause
79,down,prep,falls
79,a,det,drop
79,vertical,amod,drop
79,drop,pobj,down
79,.,punct,cause
80,A,det,river
80,river,nsubj,exhibit
80,in,prep,river
80,a,det,area
80,permeable,amod,area
80,area,pobj,in
80,does,aux,exhibit
80,not,neg,exhibit
80,exhibit,ROOT,exhibit
80,this,det,behavior
80,behavior,dobj,exhibit
80,and,cc,exhibit
80,may,aux,raised
80,even,advmod,raised
80,have,aux,raised
80,raised,conj,exhibit
80,banks,dobj,raised
80,due,prep,raised
80,to,pcomp,due
80,sediment,pobj,to
80,.,punct,exhibit
81,Rivers,nsubj,change
81,also,advmod,change
81,change,ROOT,change
81,their,poss,landscape
81,landscape,dobj,change
81,through,prep,change
81,their,poss,transportation
81,transportation,pobj,through
81,of,prep,transportation
81,sediment,pobj,of
81,",",punct,change
81,often,advmod,known
81,known,advcl,change
81,as,prep,known
81,alluvium,pobj,as
81,when,advmod,applied
81,applied,advcl,known
81,specifically,advmod,applied
81,to,prep,applied
81,rivers,pobj,to
81,.,punct,change
82,The,det,sand
82,sand,nsubj,is
82,in,prep,sand
82,deserts,pobj,in
82,and,cc,sand
82,the,det,sediment
82,sediment,nsubj,is
82,that,nsubj,forms
82,forms,relcl,sediment
82,bar,compound,islands
82,islands,dobj,forms
82,is,ROOT,is
82,from,prep,is
82,rivers,pobj,from
82,.,punct,is
83,This,det,sediment
83,sediment,nsubjpass,deposited
83,may,aux,deposited
83,be,auxpass,deposited
83,deposited,ROOT,deposited
83,in,prep,deposited
83,river,compound,valleys
83,valleys,pobj,in
83,or,cc,deposited
83,carried,conj,deposited
83,to,prep,carried
83,the,det,sea
83,sea,pobj,to
83,.,punct,deposited
84,The,det,yield
84,sediment,amod,yield
84,yield,nsubj,is
84,of,prep,yield
84,a,det,river
84,river,pobj,of
84,is,ROOT,is
84,the,det,quantity
84,quantity,attr,is
84,of,prep,quantity
84,sand,pobj,of
84,per,prep,sand
84,unit,compound,area
84,area,pobj,per
84,within,prep,quantity
84,a,det,watershed
84,watershed,pobj,within
84,that,nsubjpass,removed
84,is,auxpass,removed
84,removed,relcl,watershed
84,over,prep,removed
84,a,det,period
84,period,pobj,over
84,of,prep,period
84,time,pobj,of
84,.,punct,is
85,Rivers,nsubj,run
85,rarely,advmod,run
85,run,ROOT,run
85,in,prep,run
85,a,det,direction
85,straight,amod,direction
85,direction,pobj,in
85,",",punct,run
85,instead,advmod,preferring
85,preferring,advcl,run
85,to,aux,bend
85,bend,xcomp,preferring
85,or,cc,bend
85,meander,conj,bend
85,.,punct,run
86,This,nsubj,is
86,is,ROOT,is
86,because,mark,cause
86,any,det,impediment
86,natural,amod,impediment
86,impediment,nsubj,cause
86,to,prep,impediment
86,the,det,flow
86,flow,pobj,to
86,of,prep,flow
86,the,det,river
86,river,pobj,of
86,may,aux,cause
86,cause,advcl,is
86,the,det,current
86,current,nsubj,deflect
86,to,aux,deflect
86,deflect,ccomp,cause
86,in,prep,deflect
86,a,det,direction
86,different,amod,direction
86,direction,pobj,in
86,.,punct,is
87,A,det,mountain
87,mountain,nsubj,is
87,is,ROOT,is
87,an,det,portion
87,elevated,amod,portion
87,portion,attr,is
87,of,prep,portion
87,the,det,surface
87,surface,pobj,of
87,of,prep,surface
87,a,det,planet
87,planet,pobj,of
87,",",punct,is
87,generally,advmod,with
87,with,prep,is
87,steep,amod,sides
87,sides,pobj,with
87,that,nsubj,show
87,show,relcl,sides
87,significant,amod,bedrock
87,exposed,amod,bedrock
87,bedrock,dobj,show
87,.,punct,is
88,It,nsubj,have
88,may,aux,have
88,either,preconj,have
88,have,ROOT,have
88,a,det,area
88,limited,amod,area
88,summit,compound,area
88,area,dobj,have
88,or,cc,have
88,be,conj,have
88,a,det,plateau
88,smaller,amod,plateau
88,plateau,attr,be
88,with,prep,plateau
88,high,amod,elevation
88,elevation,pobj,with
88,and,cc,elevation
88,steep,amod,sides
88,sides,conj,elevation
88,.,punct,have
89,A,quantmod,few
89,few,nummod,mountains
89,mountains,nsubj,are
89,are,ROOT,are
89,isolated,amod,summits
89,summits,attr,are
89,",",punct,are
89,but,cc,are
89,most,advmod,occur
89,occur,conj,are
89,in,prep,occur
89,mountain,compound,ranges
89,ranges,pobj,in
89,.,punct,occur
90,Mountains,nsubjpass,formed
90,are,auxpass,formed
90,formed,ROOT,formed
90,through,prep,formed
90,tectonic,amod,forces
90,forces,pobj,through
90,",",punct,forces
90,erosion,conj,forces
90,",",punct,erosion
90,or,cc,erosion
90,volcanism,conj,erosion
90,",",punct,forces
90,which,nsubj,act
90,act,relcl,forces
90,on,prep,act
90,time,compound,scales
90,scales,pobj,on
90,of,prep,scales
90,up,quantmod,millions
90,to,quantmod,millions
90,tens,quantmod,millions
90,of,quantmod,millions
90,millions,pobj,of
90,of,prep,millions
90,years,pobj,of
90,.,punct,formed
91,High,amod,elevations
91,elevations,nsubj,produce
91,on,prep,elevations
91,mountains,pobj,on
91,produce,ROOT,produce
91,colder,amod,climates
91,climates,dobj,produce
91,than,prep,produce
91,at,prep,than
91,sea,compound,level
91,level,pobj,at
91,at,prep,level
91,similar,amod,latitude
91,latitude,pobj,at
91,.,punct,produce
92,These,det,climates
92,colder,amod,climates
92,climates,nsubj,affect
92,strongly,advmod,affect
92,affect,ccomp,have
92,the,det,ecosystems
92,ecosystems,dobj,affect
92,of,prep,ecosystems
92,mountains,pobj,of
92,:,punct,have
92,different,amod,elevations
92,elevations,nsubj,have
92,have,ROOT,have
92,different,amod,plants
92,plants,dobj,have
92,and,cc,plants
92,animals,conj,plants
92,.,punct,have
93,The,det,mountain
93,highest,amod,mountain
93,mountain,nsubj,is
93,on,prep,mountain
93,Earth,pobj,on
93,is,ROOT,is
93,Mount,compound,Everest
93,Everest,attr,is
93,in,prep,Everest
93,the,det,Himalayas
93,Himalayas,pobj,in
93,of,prep,Himalayas
93,Asia,pobj,of
93,",",punct,Everest
93,whose,poss,summit
93,summit,nsubj,is
93,is,relcl,Everest
93,"8,850",nummod,m
93,m,attr,is
93,(,punct,m
93,"29,035",nummod,ft
93,ft,appos,m
93,),punct,m
93,above,prep,is
93,mean,amod,level
93,sea,compound,level
93,level,pobj,above
93,.,punct,is
94,The,det,mountain
94,highest,advmod,known
94,known,amod,mountain
94,mountain,nsubj,is
94,on,prep,mountain
94,any,det,planet
94,planet,pobj,on
94,in,prep,planet
94,the,det,System
94,Solar,compound,System
94,System,pobj,in
94,is,ROOT,is
94,Olympus,compound,Mons
94,Mons,attr,is
94,on,prep,Mons
94,Mars,pobj,on
94,at,prep,Mons
94,"21,171",nummod,m
94,m,pobj,at
94,(,punct,m
94,"69,459",nummod,ft
94,ft,appos,m
94,),punct,is
94,.,punct,is
95,=,punct,is
95,=,punct,=
95,Definition,compound,=
95,=,dep,=
95,=,punct,=
95,There,expl,is
95,is,ROOT,is
95,no,det,definition
95,universally,advmod,accepted
95,accepted,amod,definition
95,definition,attr,is
95,of,prep,definition
95,a,det,mountain
95,mountain,pobj,of
95,.,punct,is
96,Elevation,nsubjpass,used
96,",",punct,Elevation
96,volume,conj,Elevation
96,",",punct,volume
96,relief,conj,volume
96,",",punct,relief
96,steepness,conj,relief
96,",",punct,steepness
96,spacing,conj,steepness
96,and,cc,spacing
96,continuity,conj,spacing
96,have,aux,used
96,been,auxpass,used
96,used,ROOT,used
96,as,prep,used
96,criteria,pobj,as
96,for,prep,criteria
96,defining,pcomp,for
96,a,det,mountain
96,mountain,dobj,defining
96,.,punct,used
97,Whether,mark,called
97,a,det,landform
97,landform,nsubjpass,called
97,is,auxpass,called
97,called,advcl,depend
97,a,det,mountain
97,mountain,nsubj,depend
97,may,aux,depend
97,depend,ROOT,depend
97,on,prep,depend
97,local,amod,usage
97,usage,pobj,on
97,.,punct,depend
98,John,compound,Whittow
98,Whittow,poss,Dictionary
98,'s,case,Whittow
98,Dictionary,nsubj,states
98,of,prep,Dictionary
98,Physical,compound,Geography
98,Geography,pobj,of
98,states,ROOT,states
98,"""",punct,states
98,Some,det,authorities
98,authorities,nsubj,regard
98,regard,ccomp,states
98,eminences,dobj,regard
98,above,prep,regard
98,600,nummod,metres
98,metres,pobj,above
98,(,punct,metres
98,"1,969",nummod,ft
98,ft,appos,metres
98,),punct,metres
98,as,prep,regard
98,mountains,pobj,as
98,",",punct,mountains
98,those,appos,mountains
98,below,prep,those
98,being,auxpass,referred
98,referred,pcomp,below
98,to,prep,referred
98,as,prep,referred
98,hills,pobj,as
98,.,punct,regard
98,"""",punct,regard
99,In,prep,include
99,addition,pobj,In
99,",",punct,include
99,some,det,definitions
99,definitions,nsubj,include
99,also,advmod,include
99,include,ROOT,include
99,a,det,requirement
99,topographical,amod,prominence
99,prominence,compound,requirement
99,requirement,dobj,include
99,",",punct,requirement
99,such,amod,as
99,as,prep,requirement
99,that,mark,rises
99,the,det,mountain
99,mountain,nsubj,rises
99,rises,pcomp,as
99,300,nummod,metres
99,metres,npadvmod,rises
99,(,punct,metres
99,984,nummod,ft
99,ft,appos,metres
99,),punct,metres
99,above,prep,rises
99,the,det,terrain
99,surrounding,amod,terrain
99,terrain,pobj,above
99,.,punct,include
100,Any,det,landform
100,similar,amod,landform
100,landform,nsubjpass,considered
100,lower,amod,landform
100,than,prep,lower
100,this,det,height
100,height,nsubjpass,considered
100,was,auxpass,considered
100,considered,ROOT,considered
100,a,det,hill
100,hill,oprd,considered
100,.,punct,considered
101,However,advmod,concludes
101,",",punct,concludes
101,today,npadvmod,concludes
101,",",punct,concludes
101,the,det,Survey
101,United,compound,States
101,States,compound,Survey
101,Geological,compound,Survey
101,Survey,nsubj,concludes
101,concludes,ROOT,concludes
101,that,mark,have
101,these,det,terms
101,terms,nsubj,have
101,do,aux,have
101,not,neg,have
101,have,ccomp,concludes
101,technical,amod,definitions
101,definitions,dobj,have
101,in,prep,definitions
101,the,det,US
101,US,pobj,in
101,.,punct,concludes
102,The,det,Programme
102,UN,compound,Programme
102,Environmental,compound,Programme
102,Programme,poss,definition
102,'s,case,Programme
102,definition,nsubj,includes
102,of,prep,definition
102,"""",punct,environment
102,mountainous,amod,environment
102,environment,pobj,of
102,"""",punct,environment
102,includes,ROOT,includes
102,any,dobj,includes
102,of,prep,any
102,the,det,following
102,following,pobj,of
102,:,punct,includes
102,Class,npadvmod,includes
102,1,nummod,Class
102,:,punct,Class
102,Elevation,appos,Class
102,greater,amod,"4,500"
102,than,quantmod,"4,500"
102,"4,500",nummod,m
102,m,appos,Elevation
102,(,punct,m
102,"14,764",nummod,ft
102,ft,appos,m
102,),punct,m
102,.,punct,includes
103,Class,ROOT,Class
103,2,nummod,Class
103,:,punct,Class
103,Elevation,appos,Class
103,between,prep,Elevation
103,"3,500",pobj,between
103,and,cc,"3,500"
103,"4,500",conj,"3,500"
103,m,conj,"3,500"
103,(,punct,m
103,"11,483",conj,m
103,and,cc,"11,483"
103,"14,764",nummod,ft
103,ft,conj,"11,483"
103,),punct,Elevation
103,.,punct,Class
104,Class,ROOT,Class
104,3,nummod,Class
104,:,punct,Class
104,Elevation,appos,Class
104,between,prep,Elevation
104,"2,500",pobj,between
104,and,cc,"2,500"
104,"3,500",conj,"2,500"
104,m,conj,"2,500"
104,(,punct,m
104,"8,202",conj,"2,500"
104,and,cc,"8,202"
104,"11,483",nummod,ft
104,ft,conj,"8,202"
104,),punct,Elevation
104,.,punct,Class
105,Class,ROOT,Class
105,4,nummod,Class
105,:,punct,Class
105,Elevation,appos,Class
105,between,prep,Elevation
105,"1,500",pobj,between
105,and,cc,"1,500"
105,"2,500",conj,"1,500"
105,m,conj,"1,500"
105,(,punct,m
105,"4,921",conj,"1,500"
105,and,cc,"4,921"
105,"8,202",nummod,ft
105,ft,conj,"4,921"
105,),punct,Elevation
105,",",punct,Class
105,with,prep,Class
105,a,det,slope
105,slope,pobj,with
105,greater,amod,2
105,than,quantmod,2
105,2,nummod,degrees
105,degrees,appos,slope
105,.,punct,Class
106,Class,ROOT,Class
106,6,nummod,Class
106,:,punct,Class
106,Elevation,appos,Class
106,between,prep,Elevation
106,300,pobj,between
106,and,cc,300
106,"1,000",conj,300
106,m,conj,300
106,(,punct,m
106,984,appos,m
106,and,cc,984
106,"3,281",nummod,ft
106,ft,conj,984
106,),punct,m
106,",",punct,Class
106,with,prep,Class
106,a,det,range
106,300,nummod,m
106,m,nmod,range
106,(,punct,range
106,984,nummod,ft
106,ft,nmod,range
106,),punct,range
106,elevation,compound,range
106,range,pobj,with
106,within,prep,range
106,7,nummod,km
106,km,pobj,within
106,(,punct,km
106,4.3,nummod,mi
106,mi,appos,km
106,),punct,Class
106,.,punct,Class
107,Using,advcl,cover
107,these,det,definitions
107,definitions,dobj,Using
107,",",punct,cover
107,mountains,nsubj,cover
107,cover,ROOT,cover
107,33,nummod,%
107,%,dobj,cover
107,of,prep,%
107,Eurasia,pobj,of
107,",",punct,%
107,19,nummod,%
107,%,appos,%
107,of,prep,%
107,South,compound,America
107,America,pobj,of
107,",",punct,%
107,24,nummod,%
107,%,appos,%
107,of,prep,%
107,North,compound,America
107,America,pobj,of
107,",",punct,%
107,and,cc,%
107,14,nummod,%
107,%,conj,%
107,of,prep,%
107,Africa,pobj,of
107,.,punct,cover
108,As,prep,is
108,a,det,%
108,whole,amod,%
108,",",punct,%
108,24,nummod,%
108,%,nsubj,is
108,of,prep,%
108,the,det,Earth
108,Earth,poss,mass
108,'s,case,Earth
108,land,compound,mass
108,mass,pobj,of
108,is,ROOT,is
108,mountainous,acomp,is
108,.,punct,is
109,=,dep,are
109,=,punct,=
109,Geology,nsubj,=
109,=,dep,=
109,=,punct,=
109,There,expl,are
109,are,ROOT,are
109,three,nummod,types
109,main,amod,types
109,types,attr,are
109,of,prep,types
109,mountains,pobj,of
109,:,punct,types
109,volcanic,appos,types
109,",",punct,volcanic
109,fold,conj,volcanic
109,",",punct,fold
109,and,cc,fold
109,block,conj,fold
109,.,punct,are
110,All,det,types
110,three,nummod,types
110,types,nsubjpass,formed
110,are,auxpass,formed
110,formed,ROOT,formed
110,from,prep,formed
110,plate,compound,tectonics
110,tectonics,pobj,from
110,:,punct,formed
110,when,advmod,crumple
110,portions,nsubj,crumple
110,of,prep,portions
110,the,det,Earth
110,Earth,poss,move
110,'s,case,Earth
110,crust,compound,move
110,move,pobj,of
110,",",punct,move
110,crumple,advcl,formed
110,",",punct,crumple
110,and,cc,crumple
110,dive,conj,crumple
110,.,punct,formed
111,Compressional,amod,forces
111,forces,ROOT,forces
111,",",punct,forces
111,isostatic,amod,uplift
111,uplift,conj,forces
111,and,cc,uplift
111,intrusion,conj,uplift
111,of,prep,uplift
111,igneous,amod,forces
111,matter,compound,forces
111,forces,compound,surface
111,surface,compound,rock
111,rock,pobj,of
111,upward,advmod,uplift
111,",",punct,forces
111,creating,acl,forces
111,a,det,landform
111,landform,dobj,creating
111,higher,amod,landform
111,than,prep,higher
111,the,det,features
111,surrounding,amod,features
111,features,pobj,than
111,.,punct,forces
112,The,det,height
112,height,nsubj,makes
112,of,prep,height
112,the,det,feature
112,feature,pobj,of
112,makes,ROOT,makes
112,it,nsubj,hill
112,either,preconj,hill
112,a,det,hill
112,hill,ccomp,makes
112,or,cc,hill
112,",",punct,hill
112,if,mark,higher
112,higher,amod,hill
112,and,cc,higher
112,steeper,conj,higher
112,",",punct,hill
112,a,det,mountain
112,mountain,appos,hill
112,.,punct,makes
113,Major,amod,mountains
113,mountains,nsubj,tend
113,tend,ROOT,tend
113,to,aux,occur
113,occur,xcomp,tend
113,in,prep,occur
113,long,amod,arcs
113,linear,amod,arcs
113,arcs,pobj,in
113,",",punct,tend
113,indicating,advcl,tend
113,tectonic,amod,plate
113,plate,compound,boundaries
113,boundaries,dobj,indicating
113,and,cc,boundaries
113,activity,conj,boundaries
113,.,punct,tend
114,=,nsubjpass,formed
114,=,punct,=
114,=,compound,Volcanoes
114,Volcanoes,conj,=
114,=,nsubjpass,formed
114,=,compound,Volcanoes
114,=,compound,Volcanoes
114,Volcanoes,nsubjpass,formed
114,are,auxpass,formed
114,formed,ROOT,formed
114,when,advmod,pushed
114,a,det,plate
114,plate,nsubjpass,pushed
114,is,auxpass,pushed
114,pushed,advcl,formed
114,below,prep,pushed
114,another,det,plate
114,plate,pobj,below
114,",",punct,pushed
114,or,cc,pushed
114,at,conj,pushed
114,a,det,ridge
114,mid,compound,ridge
114,-,compound,ridge
114,ocean,compound,ridge
114,ridge,pobj,at
114,or,cc,ridge
114,hotspot,conj,ridge
114,.,punct,formed
115,When,advmod,reaches
115,the,det,magma
115,magma,nsubj,reaches
115,reaches,advcl,builds
115,the,det,surface
115,surface,dobj,reaches
115,",",punct,builds
115,it,nsubj,builds
115,often,advmod,builds
115,builds,ROOT,builds
115,a,det,mountain
115,volcanic,amod,mountain
115,mountain,dobj,builds
115,",",punct,mountain
115,such,amod,as
115,as,prep,mountain
115,a,det,volcano
115,shield,compound,volcano
115,volcano,pobj,as
115,or,cc,volcano
115,a,det,stratovolcano
115,stratovolcano,conj,volcano
115,.,punct,builds
116,Examples,nsubj,include
116,of,prep,Examples
116,volcanoes,pobj,of
116,include,ROOT,include
116,Mount,compound,Fuji
116,Fuji,dobj,include
116,in,prep,Fuji
116,Japan,pobj,in
116,and,cc,Fuji
116,Mount,compound,Pinatubo
116,Pinatubo,conj,Fuji
116,in,prep,Pinatubo
116,the,det,Philippines
116,Philippines,pobj,in
116,.,punct,include
117,=,nsubj,Fold
117,=,nsubj,Fold
117,=,aux,Fold
117,Fold,ROOT,Fold
117,mountains,dobj,Fold
117,=,dobj,Fold
117,=,punct,Fold
117,=,dobj,Fold
117,Fold,dep,Fold
117,mountains,nsubj,occur
117,occur,ccomp,Fold
117,when,advmod,collide
117,two,nummod,plates
117,plates,nsubj,collide
117,collide,advcl,occur
117,:,punct,occur
117,shortening,nsubj,occurs
117,occurs,ccomp,Fold
117,along,prep,occurs
117,thrust,advcl,occurs
117,faults,dobj,thrust
117,and,cc,occurs
117,the,det,crust
117,crust,nsubjpass,overthickened
117,is,auxpass,overthickened
117,overthickened,conj,occurs
117,.,punct,overthickened
118,Thus,advmod,is
118,the,det,crust
118,continental,amod,crust
118,crust,nsubj,is
118,is,ROOT,is
118,normally,advmod,is
118,much,advmod,thicker
118,thicker,acomp,is
118,under,prep,is
118,mountains,pobj,under
118,",",punct,is
118,compared,prep,is
118,to,prep,compared
118,lower,amod,areas
118,lying,amod,areas
118,areas,pobj,to
118,.,punct,is
119,Rock,nsubj,fold
119,can,aux,fold
119,fold,ROOT,fold
119,either,preconj,symmetrically
119,symmetrically,advmod,fold
119,or,cc,symmetrically
119,asymmetrically,conj,symmetrically
119,.,punct,fold
120,The,det,upfolds
120,upfolds,nsubj,are
120,are,ROOT,are
120,anticlines,attr,are
120,and,cc,anticlines
120,the,det,downfolds
120,downfolds,nsubj,are
120,are,ccomp,be
120,synclines,attr,are
120,:,punct,be
120,in,prep,be
120,asymmetric,pobj,in
120,folding,acl,asymmetric
120,there,advmod,folding
120,may,aux,be
120,also,advmod,be
120,be,conj,are
120,recumbent,amod,folds
120,and,cc,recumbent
120,overturned,conj,recumbent
120,folds,attr,be
120,.,punct,be
121,The,det,Mountains
121,Balkan,compound,Mountains
121,Mountains,nsubj,are
121,and,cc,Mountains
121,the,det,Mountains
121,Jura,compound,Mountains
121,Mountains,conj,Mountains
121,are,ROOT,are
121,examples,attr,are
121,of,prep,examples
121,fold,amod,mountains
121,mountains,pobj,of
121,.,punct,are
122,=,ROOT,=
122,=,punct,=
122,=,compound,Block
122,Block,compound,mountains
122,mountains,nsubj,=
122,=,punct,caused
122,=,punct,=
122,=,compound,Block
122,Block,compound,mountains
122,mountains,nsubjpass,caused
122,are,auxpass,caused
122,caused,ROOT,caused
122,by,agent,caused
122,faults,pobj,by
122,in,prep,faults
122,the,det,crust
122,crust,pobj,in
122,:,punct,faults
122,a,det,plane
122,plane,appos,faults
122,where,advmod,moved
122,rocks,nsubj,moved
122,have,aux,moved
122,moved,relcl,plane
122,past,prep,moved
122,each,det,other
122,other,pobj,past
122,.,punct,caused
123,When,advmod,form
123,rocks,nsubj,form
123,on,prep,rocks
123,one,nummod,side
123,side,pobj,on
123,of,prep,side
123,a,det,rise
123,fault,compound,rise
123,rise,pobj,of
123,relative,amod,rise
123,to,prep,relative
123,the,det,other
123,other,pobj,to
123,",",punct,form
123,it,nsubj,form
123,can,aux,form
123,form,ROOT,form
123,a,det,mountain
123,mountain,dobj,form
123,.,punct,form
124,The,det,blocks
124,uplifted,amod,blocks
124,blocks,nsubj,are
124,are,ROOT,are
124,block,compound,mountains
124,mountains,attr,are
124,or,cc,mountains
124,horsts,conj,mountains
124,.,punct,are
125,The,det,intervening
125,intervening,nsubj,dropped
125,dropped,csubjpass,termed
125,blocks,dobj,dropped
125,are,auxpass,termed
125,termed,ccomp,be
125,graben,oprd,termed
125,:,punct,be
125,these,nsubj,be
125,can,aux,be
125,be,ROOT,be
125,small,acomp,be
125,or,cc,be
125,form,conj,be
125,extensive,amod,systems
125,rift,compound,valley
125,valley,compound,systems
125,systems,dobj,form
125,.,punct,be
126,This,det,kind
126,kind,nsubjpass,seen
126,of,prep,kind
126,landscape,pobj,of
126,can,aux,seen
126,be,auxpass,seen
126,seen,ROOT,seen
126,in,prep,seen
126,East,compound,Africa
126,Africa,pobj,in
126,",",punct,Africa
126,the,det,valley
126,Vosges,nmod,valley
126,and,cc,Vosges
126,Rhine,conj,Vosges
126,valley,conj,Africa
126,",",punct,Africa
126,and,cc,Africa
126,the,det,Basin
126,Basin,conj,Africa
126,and,cc,Basin
126,Range,compound,Province
126,Province,conj,Basin
126,of,prep,Province
126,Western,compound,America
126,North,compound,America
126,America,pobj,of
126,.,punct,seen
127,These,det,areas
127,areas,nsubj,occur
127,often,advmod,occur
127,occur,ROOT,occur
127,when,advmod,is
127,the,det,stress
127,regional,amod,stress
127,stress,nsubj,is
127,is,advcl,occur
127,extensional,acomp,is
127,and,cc,is
127,the,det,crust
127,crust,nsubjpass,thinned
127,is,auxpass,thinned
127,thinned,conj,is
127,.,punct,occur
128,Erosion,nsubj,causes
128,causes,ROOT,causes
128,the,det,surface
128,surface,nsubj,be
128,of,prep,surface
128,mountains,pobj,of
128,to,aux,be
128,be,ccomp,causes
128,younger,acomp,be
128,than,prep,younger
128,the,det,rocks
128,rocks,pobj,than
128,that,nsubj,form
128,form,relcl,rocks
128,the,det,mountains
128,mountains,dobj,form
128,themselves,appos,mountains
128,.,punct,causes
130,Plateau,compound,mountains
130,mountains,nsubjpass,formed
130,",",punct,mountains
130,such,amod,as
130,as,prep,mountains
130,the,det,Catskills
130,Catskills,pobj,as
130,",",punct,mountains
130,are,auxpass,formed
130,formed,ROOT,formed
130,from,prep,formed
130,the,det,erosion
130,erosion,pobj,from
130,of,prep,erosion
130,an,det,plateau
130,uplifted,amod,plateau
130,plateau,pobj,of
130,.,punct,formed
131,=,nsubj,becomes
131,=,dep,becomes
131,Climate,nmod,Climate
131,=,compound,Climate
131,=,compound,Climate
131,Climate,nsubj,becomes
131,in,prep,Climate
131,the,det,mountains
131,mountains,pobj,in
131,becomes,ROOT,becomes
131,colder,acomp,becomes
131,at,prep,becomes
131,high,amod,elevations
131,elevations,pobj,at
131,",",punct,becomes
131,due,prep,becomes
131,to,pcomp,due
131,an,det,interaction
131,interaction,pobj,due
131,between,prep,interaction
131,radiation,pobj,between
131,and,cc,radiation
131,convection,conj,radiation
131,.,punct,becomes
132,Sunlight,nsubj,hits
132,in,prep,Sunlight
132,the,det,spectrum
132,visible,amod,spectrum
132,spectrum,pobj,in
132,hits,ROOT,hits
132,the,det,ground
132,ground,dobj,hits
132,and,cc,hits
132,heats,conj,hits
132,it,dobj,heats
132,.,punct,hits
133,The,det,ground
133,ground,nsubj,heats
133,then,advmod,heats
133,heats,ROOT,heats
133,the,det,air
133,air,dobj,heats
133,at,prep,heats
133,the,det,surface
133,surface,pobj,at
133,.,punct,heats
134,However,advmod,tends
134,",",punct,tends
134,when,advmod,is
134,air,nsubj,is
134,is,advcl,tends
134,hot,acomp,is
134,",",punct,tends
134,it,nsubj,tends
134,tends,ROOT,tends
134,to,aux,expand
134,expand,xcomp,tends
134,",",punct,expand
134,which,nsubj,lowers
134,lowers,advcl,expand
134,its,poss,density
134,density,dobj,lowers
134,.,punct,tends
135,Thus,advmod,tends
135,",",punct,tends
135,hot,amod,air
135,air,nsubj,tends
135,tends,ROOT,tends
135,to,aux,rise
135,rise,xcomp,tends
135,and,cc,rise
135,transfer,conj,rise
135,heat,dobj,transfer
135,upward,advmod,transfer
135,.,punct,tends
136,This,nsubj,is
136,is,ROOT,is
136,the,det,process
136,process,attr,is
136,of,prep,process
136,convection,pobj,of
136,.,punct,is
137,A,det,son
137,son,nsubj,is
137,is,ROOT,is
137,a,det,offspring
137,male,amod,offspring
137,offspring,attr,is
137,;,punct,is
137,a,det,boy
137,boy,appos,son
137,or,cc,boy
137,a,det,man
137,man,conj,boy
137,in,prep,man
137,relation,pobj,in
137,to,prep,relation
137,his,poss,parents
137,parents,pobj,to
137,.,punct,is
138,The,det,counterpart
138,female,amod,counterpart
138,counterpart,nsubj,is
138,is,ROOT,is
138,a,det,daughter
138,daughter,attr,is
138,.,punct,is
139,From,prep,constitutes
139,a,det,perspective
139,biological,amod,perspective
139,perspective,pobj,From
139,",",punct,constitutes
139,a,det,son
139,son,nsubj,constitutes
139,constitutes,ROOT,constitutes
139,a,det,relative
139,first,amod,degree
139,degree,compound,relative
139,relative,dobj,constitutes
139,.,punct,constitutes
140,In,prep,was
140,China,pobj,In
140,",",punct,was
140,a,det,policy
140,one,nummod,child
140,-,punct,child
140,child,compound,policy
140,policy,nsubj,was
140,was,ROOT,was
140,in,prep,was
140,effect,pobj,in
140,until,prep,was
140,2015,pobj,until
140,in,prep,was
140,order,pobj,in
140,to,aux,address
140,address,acl,order
140,rapid,amod,growth
140,population,compound,growth
140,growth,dobj,address
140,.,punct,was
141,Official,amod,records
141,birth,compound,records
141,records,nsubj,showed
141,showed,ROOT,showed
141,a,det,rise
141,rise,dobj,showed
141,in,prep,rise
141,the,det,level
141,level,pobj,in
141,of,prep,level
141,male,amod,births
141,births,pobj,of
141,since,mark,brought
141,the,det,policy
141,policy,nsubjpass,brought
141,was,auxpass,brought
141,brought,advcl,showed
141,into,prep,brought
141,law,pobj,into
141,.,punct,showed
142,This,nsubjpass,attributed
142,was,auxpass,attributed
142,attributed,ROOT,attributed
142,to,prep,attributed
142,a,det,number
142,number,pobj,to
142,of,prep,number
142,factors,pobj,of
142,",",punct,number
142,including,prep,number
142,the,det,practice
142,illegal,amod,practice
142,practice,pobj,including
142,of,prep,practice
142,sex,compound,abortion
142,-,punct,abortion
142,selective,amod,abortion
142,abortion,pobj,of
142,and,cc,abortion
142,widespread,amod,reporting
142,under,compound,reporting
142,-,punct,reporting
142,reporting,conj,abortion
142,of,prep,reporting
142,female,amod,births
142,births,pobj,of
142,.,punct,attributed
143,In,prep,inherit
143,patrilineal,amod,societies
143,societies,pobj,In
143,",",punct,inherit
143,sons,nsubj,inherit
143,will,aux,inherit
143,customarily,advmod,inherit
143,inherit,ROOT,inherit
143,an,det,estate
143,estate,dobj,inherit
143,before,prep,estate
143,daughters,pobj,before
143,.,punct,inherit
144,In,prep,has
144,some,det,cultures
144,cultures,pobj,In
144,",",punct,has
144,the,det,son
144,eldest,amod,son
144,son,nsubj,has
144,has,ROOT,has
144,special,amod,privileges
144,privileges,dobj,has
144,.,punct,has
145,For,prep,bequeathed
145,example,pobj,For
145,",",punct,bequeathed
145,in,prep,bequeathed
145,Biblical,compound,times
145,times,pobj,in
145,",",punct,bequeathed
145,the,det,male
145,first,advmod,born
145,-,punct,born
145,born,amod,male
145,male,nsubjpass,bequeathed
145,was,auxpass,bequeathed
145,bequeathed,ROOT,bequeathed
145,the,det,goods
145,most,amod,goods
145,goods,dobj,bequeathed
145,from,prep,goods
145,his,poss,father
145,father,pobj,from
145,.,punct,bequeathed
146,=,nsubj,refers
146,=,amod,symbolism
146,Christian,amod,symbolism
146,symbolism,appos,=
146,=,dep,=
146,=,conj,=
146,Among,prep,=
146,Christians,pobj,Among
146,",",punct,=
146,"""",punct,Son
146,the,det,Son
146,Son,nsubj,refers
146,"""",punct,Son
146,or,cc,Son
146,Son,conj,Son
146,of,prep,Son
146,God,pobj,of
146,refers,ROOT,refers
146,to,prep,refers
146,Jesus,compound,Christ
146,Christ,pobj,to
146,.,punct,refers
147,Trinitarian,compound,Christians
147,Christians,nsubj,view
147,view,ROOT,view
147,Jesus,dobj,view
147,as,prep,view
147,the,det,incarnation
147,human,amod,incarnation
147,incarnation,pobj,as
147,of,prep,incarnation
147,God,pobj,of
147,the,det,person
147,second,amod,person
147,person,appos,incarnation
147,of,prep,person
147,the,det,Trinity
147,Trinity,pobj,of
147,",",punct,Trinity
147,known,acl,Trinity
147,as,prep,known
147,God,pobj,as
147,the,det,Son
147,Son,appos,God
147,.,punct,view
148,In,prep,refers
148,the,det,Gospels
148,Gospels,pobj,In
148,",",punct,refers
148,Jesus,nsubj,refers
148,sometimes,advmod,refers
148,refers,ROOT,refers
148,to,prep,refers
148,himself,pobj,to
148,as,prep,refers
148,the,det,Son
148,Son,pobj,as
148,of,prep,Son
148,Man,pobj,of
148,.,punct,refers
149,It,nsubj,vary
149,may,aux,vary
149,vary,ROOT,vary
149,between,prep,vary
149,the,det,beginning
149,beginning,pobj,between
149,or,cc,beginning
149,the,det,termination
149,termination,conj,beginning
149,of,prep,termination
149,the,det,surname
149,surname,pobj,of
149,.,punct,vary
150,Examples,ROOT,Examples
150,:,punct,Examples
150,"""",punct,Examples
150,Ibn,compound,Sina
150,Sina,appos,Examples
150,"""",punct,Sina
150,(,punct,Sina
150,"""",punct,Sina
150,son,appos,Sina
150,of,prep,son
150,Sina,pobj,of
150,"""",punct,Sina
150,),punct,Examples
150,",",punct,Examples
150,"""",punct,Examples
150,Ibn,compound,Khaldun
150,Khaldun,appos,Examples
150,"""",punct,Khaldun
150,(,punct,Khaldun
150,"""",punct,Khaldun
150,son,appos,Khaldun
150,of,prep,son
150,Khaldun,pobj,of
150,"""",punct,Examples
150,),punct,Examples
150,.,punct,Examples
151,Berber,compound,U
151,U,ROOT,U
151,(,punct,spelled
151,also,advmod,spelled
151,spelled,parataxis,U
151,ou,advmod,spelled
151,),punct,spelled
151,.,punct,U
154,Examples,ROOT,Examples
154,:,punct,Examples
154,"""",punct,Examples
154,Ayt,compound,Buyafar
154,Buyafar,appos,Examples
154,"""",punct,Buyafar
154,(,punct,Buyafar
154,"""",punct,sons
154,sons,appos,Buyafar
154,of,prep,sons
154,Buyafar,pobj,of
154,"""",punct,sons
154,),punct,Buyafar
154,",",punct,Examples
154,"""",punct,Mellul
154,Ayt,compound,Mellul
154,Mellul,appos,Examples
154,"""",punct,Mellul
154,(,punct,Mellul
154,"""",punct,sons
154,sons,appos,Mellul
154,of,prep,sons
154,Mellul,pobj,of
154,"""",punct,sons
154,),punct,Mellul
154,.,punct,Examples
157,Examples,ROOT,Examples
157,:,punct,Examples
157,"""",punct,Henriksen
157,Henriksen,nmod,Andersen
157,"""",punct,Henriksen
157,(,punct,Henriksen
157,"""",punct,Henriksen
157,son,appos,Henriksen
157,of,prep,son
157,Henrik,pobj,of
157,"""",punct,Henriksen
157,),punct,Henriksen
157,",",punct,Henriksen
157,"""",punct,Jensen
157,Jensen,conj,Henriksen
157,"""",punct,Jensen
157,(,punct,Jensen
157,"""",punct,Jensen
157,son,appos,Jensen
157,of,prep,son
157,Jens,pobj,of
157,"""",punct,Henriksen
157,),punct,Henriksen
157,",",punct,Henriksen
157,"""",punct,Andersen
157,Andersen,appos,Examples
157,"""",punct,Andersen
157,(,punct,Andersen
157,"""",punct,Andersen
157,son,npadvmod,Andersen
157,of,prep,son
157,Anders,pobj,of
157,"""",punct,Andersen
157,),punct,Andersen
157,.,punct,Examples
158,Examples,ROOT,Examples
158,:,punct,Examples
158,"""",punct,Jansen
158,Jansen,nmod,Petersen
158,"""",punct,Jansen
158,(,punct,Jansen
158,"""",punct,Jansen
158,son,appos,Jansen
158,of,prep,son
158,Jan,pobj,of
158,"""",punct,Jansen
158,),punct,Jansen
158,",",punct,Jansen
158,"""",punct,Petersen
158,Petersen,nmod,Zoon
158,"""",punct,Petersen
158,(,punct,Petersen
158,"""",punct,Petersen
158,son,appos,Petersen
158,of,prep,son
158,Peter,pobj,of
158,"""",punct,Petersen
158,),punct,Petersen
158,",",punct,Petersen
158,"""",punct,Pietersen
158,Pietersen,nmod,Zoon
158,"""",punct,Pietersen
158,(,punct,Pietersen
158,"""",punct,Pietersen
158,son,appos,Pietersen
158,of,prep,son
158,Pieter,pobj,of
158,"""",punct,Pietersen
158,),punct,Zoon
158,Zoon,appos,Examples
158,.,punct,Examples
159,Examples,ROOT,Examples
159,:,punct,Examples
159,"""",punct,Jefferson
159,Jefferson,appos,Examples
159,"""",punct,Jefferson
159,(,punct,Jefferson
159,"""",punct,Jefferson
159,son,appos,Jefferson
159,of,prep,son
159,Jeffery,pobj,of
159,"""",punct,Jefferson
159,),punct,Jefferson
159,",",punct,Jefferson
159,"""",punct,Wilson
159,Wilson,nmod,Edson
159,"""",punct,Wilson
159,(,punct,Wilson
159,"""",punct,Wilson
159,son,appos,Wilson
159,of,prep,son
159,William,pobj,of
159,"""",punct,Wilson
159,),punct,Wilson
159,",",punct,Edson
159,"""",punct,Edson
159,Edson,appos,Jefferson
159,"""",punct,Edson
159,(,punct,Edson
159,"""",punct,Edson
159,son,appos,Edson
159,of,prep,son
159,Edward,pobj,of
159,"""",punct,Edson
159,),punct,Edson
159,",",punct,Edson
159,"""",punct,Edson
159,Anderson,appos,Edson
159,"""",punct,Anderson
159,(,punct,Anderson
159,"""",punct,Anderson
159,son,appos,Anderson
159,of,prep,son
159,Ander,pobj,of
159,"""",punct,Edson
159,),punct,Jefferson
159,.,punct,Examples
160,Example,dep,Fernandes
160,:,punct,Fernandes
160,"""",punct,Fernandes
160,Fernandes,ROOT,Fernandes
160,"""",punct,Fernandes
160,(,punct,Fernandes
160,"""",punct,Fernandes
160,son,appos,Fernandes
160,of,prep,son
160,Fernand,pobj,of
160,"""",punct,Fernandes
160,),punct,Fernandes
160,.,punct,Fernandes
161,Example,ROOT,Example
161,:,punct,Example
161,"""",punct,Pierrot
161,Pierrot,appos,Example
161,"""",punct,Pierrot
161,(,punct,Pierrot
161,"""",punct,Pierrot
161,son,appos,Pierrot
161,of,prep,son
161,Pierre,pobj,of
161,"""",punct,Pierrot
161,),punct,Pierrot
161,.,punct,Example
162,Example,ROOT,Example
162,:,punct,Example
162,"""",punct,Danton
162,Danton,appos,Example
162,"""",punct,Danton
162,(,punct,Danton
162,"""",punct,Danton
162,son,appos,Danton
162,of,prep,son
162,Anton,pobj,of
162,"""",punct,Danton
162,),punct,Danton
162,.,punct,Example
163,Hebrew,compound,ben
163,ben,ROOT,ben
163,or,cc,ben
163,bin,conj,ben
163,before,prep,ben
163,1300,nummod,BC
163,BC,pobj,before
163,.,punct,ben
164,Example,ROOT,Example
164,:,punct,Example
164,"""",punct,Benjamin
164,Benjamin,appos,Example
164,"""",punct,Benjamin
164,(,punct,Benjamin
164,"""",punct,Benjamin
164,son,appos,Benjamin
164,of,prep,son
164,a,det,man
164,right,amod,hand
164,-,punct,hand
164,hand,compound,man
164,man,pobj,of
164,"""",punct,Benjamin
164,),punct,Benjamin
164,.,punct,Example
165,Also,advmod,is
165,",",punct,is
165,the,det,word
165,Hebrew,amod,word
165,word,nsubj,is
165,for,prep,word
165,"""",punct,person
165,person,pobj,for
165,"""",punct,person
165,is,ROOT,is
165,ben,compound,Adam
165,Adam,nsubj,is
165,",",punct,is
165,meaning,advcl,is
165,"""",punct,meaning
165,son,dobj,meaning
165,of,prep,son
165,Adam,pobj,of
165,"""",punct,meaning
165,.,punct,is
166,Example,ROOT,Example
166,:,punct,Example
166,"""",punct,Example
166,Mera,compound,beta
166,beta,appos,Example
166,Tim,appos,beta
166,"""",punct,beta
166,(,punct,beta
166,"""",punct,son
166,my,poss,son
166,son,appos,beta
166,Tim,appos,son
166,"""",punct,beta
166,),punct,Example
166,.,punct,Example
169,Examples,ROOT,Examples
169,:,punct,Examples
169,"""",punct,Examples
169,MacThomas,appos,Examples
169,"""",punct,MacThomas
169,(,punct,MacThomas
169,"""",punct,MacThomas
169,son,appos,MacThomas
169,of,prep,son
169,Thomas,pobj,of
169,"""",punct,MacThomas
169,),punct,MacThomas
169,",",punct,MacThomas
169,"""",punct,McDonald
169,McDonald,appos,MacThomas
169,"""",punct,McDonald
169,(,punct,McDonald
169,"""",punct,McDonald
169,son,appos,McDonald
169,of,prep,son
169,Donald,pobj,of
169,"""",punct,McDonald
169,),punct,McDonald
169,",",punct,McDonald
169,"""",punct,MacLean
169,MacLean,conj,McDonald
169,"""",punct,MacLean
169,(,punct,MacLean
169,"""",punct,MacLean
169,son,appos,MacLean
169,of,prep,son
169,Lean,pobj,of
169,"""",punct,McDonald
169,),punct,McDonald
169,.,punct,Examples
170,Examples,ROOT,Examples
170,:,punct,Examples
170,"""",punct,Stefano
170,di,compound,Stefano
170,Stefano,appos,Examples
170,"""",punct,Stefano
170,(,punct,Stefano
170,"""",punct,Stefano
170,son,appos,Stefano
170,of,prep,son
170,Steven,pobj,of
170,"""",punct,Stefano
170,),punct,Stefano
170,",",punct,Stefano
170,"""",punct,Stefano
170,di,nmod,Giovanni
170,Giovanni,appos,Stefano
170,"""",punct,Giovanni
170,(,punct,Giovanni
170,"""",punct,Giovanni
170,son,appos,Giovanni
170,of,prep,son
170,John,pobj,of
170,"""",punct,Stefano
170,),punct,Stefano
170,",",punct,Stefano
170,"""",punct,Stefano
170,di,compound,Giuseppe
170,Giuseppe,appos,Stefano
170,"""",punct,Giuseppe
170,(,punct,Giuseppe
170,"""",punct,Giuseppe
170,son,appos,Giuseppe
170,of,prep,son
170,Joseph,pobj,of
170,"""",punct,Stefano
170,),punct,Stefano
170,.,punct,Examples
171,Examples,ROOT,Examples
171,:,punct,Examples
171,"""",punct,Paolo
171,de,nmod,Paolo
171,Paolo,appos,Examples
171,"""",punct,Paolo
171,(,punct,Paolo
171,"""",punct,Paolo
171,son,appos,Paolo
171,of,prep,son
171,Paul,pobj,of
171,"""",punct,Paolo
171,),punct,Paolo
171,",",punct,Paolo
171,"""",punct,Mauro
171,de,nmod,Mauro
171,Mauro,appos,Paolo
171,"""",punct,Mauro
171,(,punct,Mauro
171,"""",punct,Mauro
171,son,appos,Mauro
171,of,prep,son
171,Maurus,pobj,of
171,"""",punct,Mauro
171,),punct,Mauro
171,",",punct,Mauro
171,"""",punct,Giorgio
171,de,nmod,Giorgio
171,Giorgio,conj,Mauro
171,"""",punct,Giorgio
171,(,punct,Giorgio
171,"""",punct,Giorgio
171,son,appos,Giorgio
171,of,prep,son
171,George,pobj,of
171,"""",punct,Mauro
171,),punct,Mauro
171,.,punct,Examples
172,Examples,ROOT,Examples
172,:,punct,Examples
172,"""",punct,d'Antonio
172,d'Antonio,appos,Examples
172,"""",punct,d'Antonio
172,(,punct,d'Antonio
172,"""",punct,d'Antonio
172,son,appos,d'Antonio
172,of,prep,son
172,Anthony,pobj,of
172,"""",punct,d'Antonio
172,),punct,d'Antonio
172,",",punct,d'Antonio
172,"""",punct,d'Adriano
172,d'Adriano,appos,d'Antonio
172,"""",punct,d'Adriano
172,(,punct,d'Adriano
172,"""",punct,d'Adriano
172,son,appos,d'Adriano
172,of,prep,son
172,Adrian,pobj,of
172,"""",punct,d'Antonio
172,),punct,d'Antonio
172,",",punct,d'Antonio
172,"""",punct,d'Agostino
172,d'Agostino,appos,d'Antonio
172,"""",punct,d'Agostino
172,(,punct,d'Agostino
172,"""",punct,d'Agostino
172,son,appos,d'Agostino
172,of,prep,son
172,Augustine,pobj,of
172,"""",punct,d'Antonio
172,),punct,d'Antonio
172,.,punct,Examples
173,#,punct,NAME
173,NAME,ROOT,NAME
173,?,punct,NAME
174,Examples,ROOT,Examples
174,:,punct,Examples
174,"""",punct,Paoli
174,Paoli,appos,Examples
174,"""",punct,Paoli
174,(,punct,Paoli
174,"""",punct,Paoli
174,son,appos,Paoli
174,of,prep,son
174,Paolo,pobj,of
174,"""",punct,Paoli
174,),punct,Paoli
174,",",punct,Paoli
174,"""",punct,Richetti
174,Richetti,appos,Paoli
174,"""",punct,Richetti
174,(,punct,Richetti
174,"""",punct,Richetti
174,son,appos,Richetti
174,of,prep,son
174,Richetto,pobj,of
174,",",punct,son
174,a,det,name
174,short,amod,name
174,name,appos,Richetti
174,for,prep,name
174,Enrico,pobj,for
174,"""",punct,Richetti
174,),punct,Richetti
174,.,punct,Examples
175,Examples,ROOT,Examples
175,:,punct,Magnusson
175,"""",punct,Magnusson
175,Magnusson,appos,Examples
175,"""",punct,Magnusson
175,(,punct,Magnusson
175,"""",punct,Magnusson
175,son,appos,Magnusson
175,of,prep,son
175,Magnus,pobj,of
175,"""",punct,Magnusson
175,),punct,Magnusson
175,;,punct,Magnusson
175,"""",punct,Sigurdson
175,Sigurdson,appos,Magnusson
175,"""",punct,Sigurdson
175,(,punct,Sigurdson
175,"""",punct,Sigurdson
175,son,appos,Sigurdson
175,of,prep,son
175,Sigurd,pobj,of
175,"""",punct,Sigurdson
175,),punct,Sigurdson
175,",",punct,Sigurdson
175,"""",punct,Odinson
175,Odinson,appos,Sigurdson
175,"""",punct,Odinson
175,(,punct,Odinson
175,"""",punct,Odinson
175,son,appos,Odinson
175,of,prep,son
175,Odin,pobj,of
175,"""",punct,Sigurdson
175,),punct,Sigurdson
175,.,punct,Examples
176,Example,dep,Mahdipur
176,:,punct,Mahdipur
176,"""",punct,Mahdipur
176,Mahdipur,ROOT,Mahdipur
176,"""",punct,Mahdipur
176,(,punct,Mahdipur
176,"""",punct,Mahdipur
176,son,appos,Mahdipur
176,of,prep,son
176,Mahdi,pobj,of
176,"""",punct,Mahdipur
176,),punct,Mahdipur
176,.,punct,Mahdipur
177,Example,ROOT,Example
177,:,punct,Muhammadzadeh
177,"""",punct,Muhammadzadeh
177,Muhammadzadeh,amod,Example
177,"""",punct,Muhammadzadeh
177,(,punct,Muhammadzadeh
177,"""",punct,son
177,son,appos,Muhammadzadeh
177,/,punct,son
177,daughter,appos,son
177,of,prep,daughter
177,Muhammad,pobj,of
177,"""",punct,Muhammadzadeh
177,),punct,Muhammadzadeh
177,.,punct,Example
178,Tagalog,compound,Example
178,Anak,compound,Example
178,Example,ROOT,Example
178,:,punct,Example
178,mga,appos,Example
178,Anak,ROOT,Anak
178,ni,prep,Anak
178,Pedro,pobj,ni
178,(,punct,Pedro
178,son,appos,Pedro
178,and,cc,son
178,daughter,conj,son
178,of,prep,son
178,Pedro,pobj,of
178,),punct,Anak
178,Tamil,compound,Magan
178,Magan,ROOT,Magan
178,.,punct,Magan
179,Example,ROOT,Example
179,:,punct,Example
179,"""",punct,Murugan
179,En,compound,Murugan
179,Magan,compound,Murugan
179,Murugan,acl,Example
179,"""",punct,Murugan
179,(,punct,Murugan
179,"""",punct,Murugan
179,my,poss,son
179,son,appos,Murugan
179,Murugan,appos,son
179,"""",punct,Murugan
179,),punct,Example
179,.,punct,Example
181,Examples,ROOT,Examples
181,:,punct,Janowski
181,"""",punct,Janowski
181,Janowski,appos,Examples
181,"""",punct,Janowski
181,(,punct,Janowski
181,"""",punct,Janowski
181,son,appos,Janowski
181,of,prep,son
181,John,pobj,of
181,"""",punct,Janowski
181,),punct,Janowski
181,",",punct,Janowski
181,"""",punct,Piotrowski
181,Piotrowski,appos,Janowski
181,"""",punct,Piotrowski
181,(,punct,Piotrowski
181,"""",punct,Piotrowski
181,son,appos,Piotrowski
181,of,prep,son
181,Peter,pobj,of
181,"""",punct,Janowski
181,),punct,Janowski
181,",",punct,Janowski
181,"""",punct,Michalski
181,Michalski,appos,Janowski
181,"""",punct,Michalski
181,(,punct,Michalski
181,"""",punct,Michalski
181,son,appos,Michalski
181,of,prep,son
181,Michael,pobj,of
181,"""",punct,Janowski
181,),punct,Janowski
181,.,punct,Examples
183,Romanian,ROOT,Romanian
183,a,advmod,prefix
183,as,advmod,prefix
183,prefix,relcl,Romanian
183,(,punct,prefix
183,except,prep,prefix
183,for,prep,except
183,female,amod,names
183,names,pobj,for
183,that,nsubj,start
183,start,relcl,names
183,in,prep,start
183,"""",punct,in
183,a,pobj,in
183,"""",punct,a
183,and,cc,for
183,probably,advmod,for
183,for,prep,prefix
183,others,pobj,for
183,that,nsubj,start
183,start,relcl,others
183,in,prep,start
183,vowels,pobj,in
183,),punct,for
183,and,cc,prefix
183,ei,conj,prefix
183,as,prep,ei
183,suffix,pobj,as
183,.,punct,Romanian
186,Examples,ROOT,Examples
186,:,punct,Examples
186,"""",punct,Petrescu
186,Petrescu,appos,Examples
186,"""",punct,Petrescu
186,(,punct,son
186,"""",punct,son
186,Petre,poss,son
186,'s,case,Petre
186,son,appos,Petrescu
186,"""",punct,son
186,),punct,Petrescu
186,",",punct,Petrescu
186,"""",punct,Popescu
186,Popescu,appos,Petrescu
186,"""",punct,Popescu
186,(,punct,Popescu
186,"""",punct,son
186,Popa,poss,son
186,'s,case,Popa
186,son,appos,Popescu
186,"""",punct,Popescu
186,",",punct,Popescu
186,Popa,conj,Popescu
186,meaning,acl,Popa
186,Priest,dobj,meaning
186,),punct,Popescu
186,",",punct,Popescu
186,"""",punct,Constantinescu
186,Constantinescu,conj,Popescu
186,"""",punct,Constantinescu
186,(,punct,Constantinescu
186,"""",punct,Constantinescu
186,son,appos,Constantinescu
186,of,prep,son
186,Constantin,pobj,of
186,"""",punct,Popescu
186,),punct,Popescu
186,.,punct,Examples
187,Trains,nsubjpass,pulled
187,are,auxpass,pulled
187,typically,advmod,pulled
187,pulled,ROOT,pulled
187,or,cc,pulled
187,pushed,conj,pulled
187,by,agent,pushed
187,locomotives,pobj,by
187,(,punct,locomotives
187,often,advmod,known
187,known,acl,locomotives
187,simply,advmod,as
187,as,prep,known
187,"""",punct,engines
187,engines,pobj,as
187,"""",punct,locomotives
187,),punct,pulled
187,",",punct,pulled
187,though,mark,propelled
187,some,nsubjpass,propelled
187,are,auxpass,propelled
187,self,npadvmod,propelled
187,-,punct,propelled
187,propelled,advcl,pulled
187,",",punct,propelled
187,such,amod,as
187,as,prep,propelled
187,multiple,amod,units
187,units,pobj,as
187,or,cc,units
187,railcars,conj,units
187,.,punct,pulled
188,Passengers,nsubjpass,carried
188,and,cc,Passengers
188,cargo,conj,Passengers
188,are,auxpass,carried
188,carried,ROOT,carried
188,in,prep,carried
188,railroad,compound,cars
188,cars,pobj,in
188,",",punct,carried
188,also,advmod,known
188,known,advcl,carried
188,as,prep,known
188,wagons,pobj,as
188,or,cc,wagons
188,carriages,conj,wagons
188,.,punct,carried
189,Trains,nsubjpass,designed
189,are,auxpass,designed
189,designed,ROOT,designed
189,to,prep,designed
189,a,det,gauge
189,certain,amod,gauge
189,gauge,pobj,to
189,",",punct,gauge
189,or,cc,gauge
189,distance,conj,gauge
189,between,prep,distance
189,rails,pobj,between
189,.,punct,designed
190,Most,amod,trains
190,trains,nsubj,operate
190,operate,ROOT,operate
190,on,prep,operate
190,steel,compound,tracks
190,tracks,pobj,on
190,with,prep,tracks
190,steel,compound,wheels
190,wheels,pobj,with
190,",",punct,makes
190,the,det,friction
190,low,amod,friction
190,friction,nsubj,makes
190,of,prep,friction
190,which,pobj,of
190,makes,conj,operate
190,them,nsubj,efficient
190,more,advmod,efficient
190,efficient,ccomp,makes
190,than,prep,efficient
190,other,amod,forms
190,forms,pobj,than
190,of,prep,forms
190,transport,pobj,of
190,.,punct,operate
191,Many,amod,countries
191,countries,nsubj,use
191,use,ROOT,use
191,rail,compound,transport
191,transport,dobj,use
191,.,punct,use
192,Trains,nsubj,have
192,have,ROOT,have
192,their,poss,roots
192,roots,dobj,have
192,in,prep,have
192,wagonways,pobj,in
192,",",punct,wagonways
192,which,nsubj,used
192,used,relcl,wagonways
192,railway,compound,tracks
192,tracks,dobj,used
192,and,cc,used
192,were,auxpass,powered
192,powered,conj,used
192,by,agent,powered
192,horses,pobj,by
192,or,cc,powered
192,pulled,conj,powered
192,by,agent,pulled
192,cables,pobj,by
192,.,punct,have
193,Rapid,amod,transit
193,transit,nsubjpass,built
193,and,cc,transit
193,trams,conj,transit
193,were,auxpass,built
193,first,advmod,built
193,built,ROOT,built
193,in,prep,built
193,the,det,1800s
193,late,amod,1800s
193,1800s,pobj,in
193,to,aux,transport
193,transport,advcl,built
193,large,amod,numbers
193,numbers,dobj,transport
193,of,prep,numbers
193,people,pobj,of
193,in,prep,transport
193,and,cc,in
193,around,conj,in
193,cities,pobj,around
193,.,punct,built
194,Beginning,advcl,replaced
194,in,prep,Beginning
194,the,det,1920s
194,1920s,pobj,in
194,",",punct,Beginning
194,and,cc,Beginning
194,accelerating,conj,Beginning
194,following,prep,accelerating
194,World,compound,II
194,War,compound,II
194,II,nmod,locomotives
194,",",punct,II
194,diesel,nmod,locomotives
194,and,cc,diesel
194,electric,conj,diesel
194,locomotives,pobj,following
194,replaced,ROOT,replaced
194,steam,dobj,replaced
194,as,prep,replaced
194,the,det,means
194,means,pobj,as
194,of,prep,means
194,motive,amod,power
194,power,pobj,of
194,.,punct,replaced
195,The,det,spread
195,spread,nsubj,led
195,of,prep,spread
195,buses,pobj,of
195,led,ROOT,led
195,to,prep,led
195,the,det,closure
195,closure,pobj,to
195,of,prep,closure
195,many,amod,systems
195,rapid,amod,transit
195,transit,nmod,systems
195,and,cc,transit
195,tram,compound,systems
195,systems,pobj,of
195,during,prep,led
195,this,det,time
195,time,pobj,during
195,as,advmod,well
195,well,advmod,time
195,.,punct,led
196,High,amod,speed
196,-,punct,speed
196,speed,compound,rail
196,rail,nsubj,proven
196,",",punct,rail
196,first,advmod,built
196,built,acl,rail
196,in,prep,built
196,the,det,1960s
196,1960s,pobj,in
196,",",punct,rail
196,has,aux,proven
196,proven,ROOT,proven
196,competitive,oprd,proven
196,with,prep,competitive
196,cars,pobj,with
196,and,cc,cars
196,planes,conj,cars
196,over,prep,proven
196,short,amod,distances
196,to,prep,short
196,medium,pobj,to
196,distances,pobj,over
196,.,punct,proven
197,Monorails,nsubj,operate
197,operate,ROOT,operate
197,on,prep,operate
197,a,det,rail
197,single,amod,rail
197,rail,pobj,on
197,",",punct,operate
197,while,mark,designed
197,funiculars,nsubjpass,designed
197,and,cc,funiculars
197,rack,conj,funiculars
197,railways,dobj,rack
197,are,auxpass,designed
197,uniquely,advmod,designed
197,designed,advcl,operate
197,to,aux,traverse
197,traverse,xcomp,designed
197,steep,amod,slopes
197,slopes,dobj,traverse
197,.,punct,operate
198,Trains,nsubj,are
198,which,nsubj,use
198,use,relcl,Trains
198,alternative,amod,fuels
198,fuels,dobj,use
198,such,amod,as
198,as,prep,fuels
198,natural,amod,gas
198,gas,pobj,as
198,and,cc,gas
198,hydrogen,conj,gas
198,are,ROOT,are
198,a,det,development
198,21st,amod,century
198,-,punct,century
198,century,compound,development
198,development,attr,are
198,.,punct,are
199,Conventional,amod,trains
199,trains,nsubj,operate
199,operate,ROOT,operate
199,on,prep,operate
199,two,nummod,rails
199,rails,pobj,on
199,",",punct,operate
199,but,cc,operate
199,several,amod,types
199,other,amod,types
199,types,nsubj,are
199,of,prep,types
199,track,compound,systems
199,systems,pobj,of
199,are,conj,operate
199,also,advmod,are
199,in,prep,are
199,use,pobj,in
199,around,prep,use
199,the,det,world
199,world,pobj,around
199,",",punct,world
199,such,amod,as
199,as,prep,world
199,monorail,pobj,as
199,.,punct,are
200,=,punct,=
200,=,punct,=
200,=,nmod,=
200,Terminology,dobj,=
200,=,ROOT,=
200,=,punct,=
200,=,dep,=
200,The,det,terminology
200,railway,compound,terminology
200,terminology,appos,=
200,that,nsubjpass,used
200,is,auxpass,used
200,used,relcl,terminology
200,to,aux,describe
200,describe,xcomp,used
200,a,det,varies
200,train,compound,varies
200,varies,dobj,describe
200,between,prep,varies
200,countries,pobj,between
200,.,punct,=
201,The,det,Union
201,International,compound,Union
201,Union,nsubj,seeks
201,of,prep,Union
201,Railways,pobj,of
201,seeks,ROOT,seeks
201,to,aux,provide
201,provide,xcomp,seeks
201,standardised,amod,terminology
201,terminology,dobj,provide
201,across,prep,provide
201,languages,pobj,across
201,.,punct,seeks
202,The,det,Association
202,Association,nsubj,provides
202,of,prep,Association
202,American,compound,Railroads
202,Railroads,pobj,of
202,provides,ROOT,provides
202,terminology,dobj,provides
202,for,prep,provides
202,North,compound,America
202,America,pobj,for
202,.,punct,provides
203,Terms,nsubj,include
203,include,ROOT,include
203,:,punct,include
203,Train,dobj,include
203,(,punct,Train
203,Britain,appos,Train
203,):,punct,Britain
203,a,det,vehicle
203,light,amod,vehicle
203,locomotive,amod,vehicle
203,",",punct,vehicle
203,self,npadvmod,propelled
203,-,punct,propelled
203,propelled,amod,vehicle
203,rail,compound,vehicle
203,vehicle,appos,Train
203,or,cc,vehicle
203,road,compound,rail
203,-,punct,rail
203,rail,compound,vehicle
203,vehicle,conj,vehicle
203,in,prep,vehicle
203,rail,compound,mode
203,mode,pobj,in
203,.,punct,include
204,Train,ROOT,Train
204,(,punct,Train
204,United,compound,States
204,States,appos,Train
204,):,punct,Train
204,a,det,line
204,connected,amod,line
204,line,appos,Train
204,of,prep,line
204,railroad,compound,cars
204,cars,pobj,of
204,with,prep,line
204,or,cc,with
204,without,conj,with
204,a,det,locomotive
204,locomotive,pobj,without
204,.,punct,Train
205,Rolling,amod,stock
205,stock,ROOT,stock
205,(,punct,stock
205,many,amod,jurisdictions
205,jurisdictions,appos,stock
205,):,punct,stock
205,any,det,kind
205,kind,appos,stock
205,of,prep,kind
205,railway,compound,vehicle
205,vehicle,pobj,of
205,.,punct,stock
206,Rake,ROOT,Rake
206,(,punct,Rake
206,Britain,npadvmod,Rake
206,):,punct,Rake
206,a,det,collection
206,collection,dobj,Rake
206,of,prep,collection
206,passenger,nmod,vehicles
206,or,cc,passenger
206,freight,conj,passenger
206,vehicles,pobj,of
206,connected,acl,vehicles
206,together,advmod,connected
206,(,punct,collection
206,not,neg,collection
206,necessarily,advmod,with
206,with,prep,Rake
206,a,det,locomotive
206,locomotive,pobj,with
206,),punct,Rake
206,.,punct,Rake
207,Consist,ROOT,Consist
207,(,punct,Consist
207,North,compound,America
207,America,appos,Consist
207,and,cc,America
207,Australia,conj,America
207,):,punct,Consist
207,a,det,locomotive(s
207,train,nmod,locomotive(s
207,",",punct,locomotive(s
207,locomotive(s,appos,Consist
207,),punct,locomotive(s
207,",",punct,Consist
207,cut,appos,Consist
207,of,prep,cut
207,cars,pobj,of
207,",",punct,cut
207,or,cc,cut
207,any,det,car
207,single,amod,car
207,car,conj,cut
207,not,neg,coupled
207,coupled,acl,car
207,to,prep,coupled
207,another,det,car
207,car,pobj,to
207,or,cc,car
207,locomotive,conj,car
207,.,punct,Consist
208,Trainset,ROOT,Trainset
208,(,punct,Trainset
208,many,amod,jurisdictions
208,jurisdictions,appos,Trainset
208,):,punct,Trainset
208,a,det,set
208,set,appos,Trainset
208,of,prep,set
208,vehicles,pobj,of
208,that,nsubjpass,coupled
208,are,auxpass,coupled
208,permanently,advmod,coupled
208,coupled,relcl,set
208,together,advmod,coupled
208,(,punct,set
208,such,amod,as
208,as,prep,set
208,the,det,TGV
208,TGV,pobj,as
208,",",punct,TGV
208,ICE,conj,TGV
208,or,cc,ICE
208,Pioneer,compound,Zephyr
208,Zephyr,conj,ICE
208,),punct,Trainset
208,.,punct,Trainset
209,Starting,advcl,introduced
209,in,prep,Starting
209,the,det,1500s
209,1500s,pobj,in
209,",",punct,introduced
209,wagonways,nsubjpass,introduced
209,were,auxpass,introduced
209,introduced,ccomp,introduced
209,to,aux,haul
209,haul,advcl,introduced
209,material,dobj,haul
209,from,prep,haul
209,mines,pobj,from
209,;,punct,introduced
209,from,prep,introduced
209,the,det,1790s
209,1790s,pobj,from
209,",",punct,introduced
209,stronger,amod,rails
209,iron,compound,rails
209,rails,nsubjpass,introduced
209,were,auxpass,introduced
209,introduced,ROOT,introduced
209,.,punct,introduced
210,Outside,prep,remained
210,of,prep,Outside
210,coal,compound,mines
210,mines,pobj,of
210,",",punct,mines
210,where,advmod,was
210,fuel,nsubj,was
210,was,relcl,mines
210,readily,advmod,available
210,available,acomp,was
210,",",punct,remained
210,steam,compound,locomotives
210,locomotives,nsubj,remained
210,remained,ROOT,remained
210,untried,acomp,remained
210,until,prep,remained
210,the,det,opening
210,opening,pobj,until
210,of,prep,opening
210,the,det,Railway
210,Stockton,nmod,Railway
210,and,cc,Stockton
210,Darlington,conj,Stockton
210,Railway,pobj,of
210,in,prep,opening
210,1825,pobj,in
210,.,punct,remained
211,British,amod,engineer
211,engineer,compound,Stephenson
211,George,compound,Stephenson
211,Stephenson,nsubj,ran
211,ran,ROOT,ran
211,a,det,locomotive
211,steam,compound,locomotive
211,locomotive,dobj,ran
211,named,acl,locomotive
211,Locomotion,compound,No
211,No,oprd,named
211,.,punct,ran
212,1,ROOT,1
212,on,prep,1
212,this,det,line
212,40,nummod,kilometer
212,-,punct,kilometer
212,kilometer,nmod,line
212,(,punct,line
212,25,nummod,mile
212,-,punct,mile
212,mile,nmod,line
212,),punct,mile
212,long,amod,line
212,line,pobj,on
212,",",punct,1
212,hauling,advcl,1
212,over,advmod,400
212,400,nummod,passengers
212,passengers,dobj,hauling
212,at,prep,hauling
212,up,quantmod,13
212,to,quantmod,13
212,13,nummod,kilometers
212,kilometers,pobj,at
212,per,prep,kilometers
212,hour,pobj,per
212,(,punct,hour
212,8,nummod,mph
212,mph,appos,hour
212,),punct,1
212,.,punct,1
213,News,nsubj,reached
213,of,prep,News
213,the,det,success
213,success,pobj,of
213,of,prep,success
213,steam,compound,locomotives
213,locomotives,pobj,of
213,quickly,advmod,reached
213,reached,ROOT,reached
213,the,det,States
213,United,compound,States
213,States,dobj,reached
213,",",punct,States
213,where,advmod,opened
213,the,det,railroad
213,first,amod,railroad
213,steam,compound,railroad
213,railroad,nsubj,opened
213,opened,relcl,States
213,in,prep,opened
213,1829,pobj,in
213,.,punct,reached
214,American,amod,pioneers
214,railroad,compound,pioneers
214,pioneers,nsubj,started
214,soon,advmod,started
214,started,ROOT,started
214,manufacturing,xcomp,started
214,their,poss,locomotives
214,own,amod,locomotives
214,locomotives,dobj,manufacturing
214,",",punct,locomotives
214,designed,acl,locomotives
214,to,aux,handle
214,handle,xcomp,designed
214,the,det,curves
214,sharper,amod,curves
214,curves,dobj,handle
214,and,cc,curves
214,rougher,amod,track
214,track,conj,curves
214,typical,amod,track
214,of,prep,typical
214,the,det,country
214,country,poss,railroads
214,'s,case,country
214,railroads,pobj,of
214,.,punct,started
215,In,prep,continued
215,the,det,1850s
215,1850s,pobj,In
215,",",punct,continued
215,trains,nsubj,continued
215,continued,ROOT,continued
215,to,aux,expand
215,expand,xcomp,continued
215,across,prep,expand
215,Europe,pobj,across
215,",",punct,continued
215,with,prep,continued
215,many,pobj,with
215,influenced,acl,many
215,by,agent,influenced
215,or,cc,influenced
215,purchases,conj,many
215,of,prep,purchases
215,American,amod,designs
215,locomotive,amod,designs
215,designs,pobj,of
215,.,punct,continued
216,Other,amod,countries
216,European,amod,countries
216,countries,nsubj,pursued
216,pursued,ROOT,pursued
216,their,poss,designs
216,own,amod,designs
216,distinct,amod,designs
216,designs,dobj,pursued
216,.,punct,pursued
217,Around,prep,grew
217,the,det,world
217,world,pobj,Around
217,",",punct,grew
217,steam,compound,locomotives
217,locomotives,nsubj,grew
217,grew,ROOT,grew
217,larger,acomp,grew
217,and,cc,larger
217,more,advmod,powerful
217,powerful,conj,larger
217,throughout,prep,grew
217,the,det,rest
217,rest,pobj,throughout
217,of,prep,rest
217,the,det,century
217,century,pobj,of
217,as,mark,advanced
217,technology,nsubj,advanced
217,advanced,advcl,grew
217,.,punct,grew
218,In,prep,arrived
218,Japan,pobj,In
218,",",punct,Japan
218,which,nsubjpass,colonized
218,was,auxpass,colonized
218,never,neg,colonized
218,colonized,relcl,Japan
218,",",punct,arrived
218,railroads,nsubj,arrived
218,first,advmod,arrived
218,arrived,ROOT,arrived
218,in,prep,arrived
218,the,det,1870s
218,early,amod,1870s
218,1870s,pobj,in
218,.,punct,arrived
219,By,prep,operating
219,1900,pobj,By
219,",",punct,operating
219,railroads,nsubj,operating
219,were,aux,operating
219,operating,ROOT,operating
219,on,prep,operating
219,every,det,continent
219,continent,pobj,on
219,besides,prep,operating
219,uninhabited,amod,Antarctica
219,Antarctica,pobj,besides
219,.,punct,operating
220,=,nsubj,=
220,=,amod,technologies
220,=,amod,technologies
220,New,amod,technologies
220,technologies,appos,=
220,=,dep,=
220,=,nsubj,=
220,=,ROOT,=
220,Even,advmod,continued
220,as,mark,continued
220,steam,nmod,technology
220,locomotive,amod,technology
220,technology,nsubj,continued
220,continued,advcl,started
220,to,aux,improve
220,improve,xcomp,continued
220,",",punct,started
220,inventors,nsubj,started
220,in,prep,inventors
220,Germany,pobj,in
220,started,ccomp,=
220,work,dobj,started
220,on,prep,work
220,alternative,amod,methods
220,methods,pobj,on
220,for,prep,methods
220,powering,pcomp,for
220,trains,dobj,powering
220,.,punct,started
221,Werner,compound,Siemens
221,von,compound,Siemens
221,Siemens,nsubj,built
221,built,ROOT,built
221,the,det,train
221,first,amod,train
221,train,dobj,built
221,powered,acl,train
221,by,agent,powered
221,electricity,pobj,by
221,in,prep,powered
221,1879,pobj,in
221,",",punct,built
221,and,cc,built
221,went,conj,built
221,on,prt,went
221,to,prep,went
221,pioneer,compound,trams
221,electric,compound,trams
221,trams,pobj,to
221,.,punct,built
222,Experimentation,nsubj,continued
222,with,prep,Experimentation
222,diesel,nmod,power
222,and,cc,diesel
222,gas,conj,diesel
222,power,pobj,with
222,continued,ROOT,continued
222,",",punct,continued
222,culminating,advcl,continued
222,in,prep,culminating
222,the,det,Hamburger
222,German,amod,Hamburger
222,"""",punct,Hamburger
222,Flying,compound,Hamburger
222,Hamburger,pobj,in
222,"""",punct,culminating
222,in,prep,culminating
222,1933,pobj,in
222,",",punct,continued
222,and,cc,continued
222,the,det,FT
222,influential,amod,FT
222,American,amod,FT
222,EMD,compound,FT
222,FT,conj,continued
222,in,prep,continued
222,1939,pobj,in
222,.,punct,continued
223,These,det,locomotives
223,successful,amod,locomotives
223,diesel,compound,locomotives
223,locomotives,nsubj,showed
223,showed,ROOT,showed
223,that,mark,was
223,diesel,compound,power
223,power,nsubj,was
223,was,ccomp,showed
223,superior,acomp,was
223,to,aux,steam
223,steam,xcomp,superior
223,",",punct,was
223,due,prep,was
223,to,pcomp,due
223,lower,amod,costs
223,costs,pobj,due
223,",",punct,costs
223,ease,conj,costs
223,of,prep,ease
223,maintenance,pobj,of
223,",",punct,ease
223,and,cc,ease
223,better,amod,reliability
223,reliability,conj,ease
223,.,punct,showed
224,=,nmod,Dieselization
224,=,compound,Dieselization
224,=,compound,Dieselization
224,Dieselization,nsubj,brought
224,and,cc,Dieselization
224,increased,amod,competition
224,competition,conj,Dieselization
224,=,appos,Dieselization
224,=,compound,II
224,=,compound,II
224,World,compound,II
224,War,compound,II
224,II,nummod,=
224,brought,ROOT,brought
224,great,amod,destruction
224,destruction,dobj,brought
224,to,prep,brought
224,existing,amod,railroads
224,railroads,pobj,to
224,across,prep,railroads
224,Europe,pobj,across
224,",",punct,Europe
224,Asia,conj,Europe
224,",",punct,Asia
224,and,cc,Asia
224,Africa,conj,Asia
224,.,punct,brought
225,France,nsubj,were
225,",",punct,France
225,Russia,conj,France
225,",",punct,Russia
225,Switzerland,conj,Russia
225,",",punct,Switzerland
225,and,cc,Switzerland
225,Japan,conj,Switzerland
225,were,ROOT,were
225,leaders,attr,were
225,in,prep,leaders
225,adopting,pcomp,in
225,widespread,amod,railroads
225,electrified,amod,railroads
225,railroads,dobj,adopting
225,",",punct,were
225,while,mark,focused
225,other,amod,nations
225,nations,nsubj,focused
225,focused,advcl,were
225,primarily,advmod,focused
225,on,prep,focused
225,dieselization,pobj,on
225,.,punct,were
226,Trains,nsubj,began
226,began,ROOT,began
226,to,aux,face
226,face,xcomp,began
226,strong,amod,competition
226,competition,dobj,face
226,from,prep,competition
226,automobiles,pobj,from
226,and,cc,automobiles
226,freight,compound,trucks
226,trucks,conj,automobiles
226,in,prep,face
226,the,det,1930s
226,1930s,pobj,in
226,",",punct,1930s
226,which,nsubj,intensified
226,greatly,advmod,intensified
226,intensified,relcl,1930s
226,following,prep,intensified
226,World,compound,II
226,War,compound,II
226,II,pobj,following
226,.,punct,began
227,After,prep,became
227,the,det,war
227,war,pobj,After
227,",",punct,became
227,air,compound,transport
227,transport,nsubj,became
227,also,advmod,became
227,became,ROOT,became
227,a,det,competitor
227,significant,amod,competitor
227,competitor,attr,became
227,for,prep,competitor
227,passenger,compound,trains
227,trains,pobj,for
227,.,punct,became
228,Large,amod,amounts
228,amounts,nsubj,shifted
228,of,prep,amounts
228,traffic,pobj,of
228,shifted,ROOT,shifted
228,to,prep,shifted
228,these,det,forms
228,new,amod,forms
228,forms,pobj,to
228,of,prep,forms
228,transportation,pobj,of
228,",",punct,shifted
228,resulting,advcl,shifted
228,in,prep,resulting
228,a,det,decline
228,widespread,amod,decline
228,decline,pobj,in
228,in,prep,decline
228,train,compound,service
228,service,pobj,in
228,",",punct,service
228,both,det,freight
228,freight,conj,service
228,and,cc,freight
228,passenger,conj,freight
228,.,punct,shifted
229,The,det,service
229,first,amod,service
229,high,amod,speed
229,-,punct,speed
229,speed,compound,service
229,rail,compound,service
229,service,nsubj,was
229,was,ROOT,was
229,the,det,Shinkansen
229,Japanese,compound,Shinkansen
229,Shinkansen,attr,was
229,",",punct,Shinkansen
229,which,nsubj,entered
229,entered,relcl,Shinkansen
229,service,dobj,entered
229,in,prep,entered
229,1964,pobj,in
229,.,punct,was
230,The,det,train
230,first,amod,train
230,high,amod,speed
230,-,punct,speed
230,speed,compound,train
230,train,nsubj,was
230,in,prep,train
230,the,det,Americas
230,Americas,pobj,in
230,was,ROOT,was
230,Amtrak,poss,Acela
230,'s,case,Amtrak
230,Acela,attr,was
230,in,prep,Acela
230,the,det,States
230,United,compound,States
230,States,pobj,in
230,",",punct,States
230,which,nsubj,entered
230,entered,relcl,States
230,service,dobj,entered
230,in,prep,entered
230,2000,pobj,in
230,.,punct,was
231,Aside,advmod,is
231,from,prep,Aside
231,shipping,nmod,rail
231,",",punct,shipping
231,freight,compound,rail
231,rail,pobj,from
231,is,ROOT,is
231,the,det,way
231,most,amod,way
231,energy,npadvmod,efficient
231,-,punct,efficient
231,efficient,amod,way
231,and,cc,efficient
231,least,conj,efficient
231,carbon,npadvmod,intensive
231,-,punct,intensive
231,intensive,conj,efficient
231,way,attr,is
231,to,aux,transport
231,transport,relcl,way
231,goods,dobj,transport
231,.,punct,is
231,"""",punct,is
232,As,mark,considered
232,such,amod,transport
232,",",punct,transport
232,rail,compound,transport
232,transport,nsubjpass,considered
232,is,auxpass,considered
232,considered,ROOT,considered
232,an,det,part
232,important,amod,part
232,part,oprd,considered
232,of,prep,part
232,achieving,pcomp,of
232,sustainable,amod,energy
232,energy,dobj,achieving
232,.,punct,considered
233,Intermodal,amod,trains
233,freight,compound,trains
233,trains,nsubj,generated
233,",",punct,trains
233,carrying,acl,trains
233,double,amod,stack
233,-,punct,stack
233,stack,compound,containers
233,shipping,compound,containers
233,containers,dobj,carrying
233,",",punct,trains
233,have,aux,generated
233,since,prep,generated
233,the,det,1970s
233,1970s,pobj,since
233,generated,ROOT,generated
233,significant,amod,business
233,business,dobj,generated
233,for,prep,business
233,railroads,pobj,for
233,and,cc,generated
233,gained,conj,generated
233,market,compound,share
233,share,dobj,gained
233,from,prep,gained
233,trucks,pobj,from
233,.,punct,generated
234,Increased,amod,use
234,use,nsubjpass,promoted
234,of,prep,use
234,commuter,compound,rail
234,rail,pobj,of
234,has,aux,promoted
234,also,advmod,promoted
234,been,auxpass,promoted
234,promoted,ROOT,promoted
234,as,prep,promoted
234,a,det,means
234,means,pobj,as
234,of,prep,means
234,fighting,pcomp,of
234,traffic,compound,congestion
234,congestion,dobj,fighting
234,on,prep,congestion
234,highways,pobj,on
234,in,prep,highways
234,urban,amod,areas
234,areas,pobj,in
234,.,punct,promoted
235,=,nsubj,support
235,=,punct,=
235,Components,nsubj,=
235,=,nsubj,support
235,=,punct,=
235,=,conj,=
235,=,conj,=
235,=,nmod,Bogies
235,Bogies,dobj,=
235,=,compound,Bogies
235,=,compound,Bogies
235,=,compound,Bogies
235,Bogies,appos,=
235,",",punct,Bogies
235,also,advmod,known
235,known,acl,Bogies
235,in,prep,known
235,North,compound,America
235,America,pobj,in
235,as,prep,known
235,trucks,pobj,as
235,",",punct,Bogies
235,support,ROOT,support
235,the,det,wheels
235,wheels,dobj,support
235,and,cc,wheels
235,axles,conj,wheels
235,of,prep,wheels
235,trains,pobj,of
235,.,punct,support
236,Trucks,nsubj,range
236,range,ROOT,range
236,from,prep,range
236,just,advmod,one
236,one,nummod,axle
236,axle,pobj,from
236,to,prep,from
236,as,advmod,four
236,many,amod,four
236,as,quantmod,four
236,four,nummod,more
236,or,cc,four
236,more,pobj,to
236,.,punct,range
